Review,Point
"ChÃ¡o áº¿ch Ä‘áº­m Ä‘Ã , cÆ¡m thÃ¬ khÃ´ng Ä‘áº·c sáº¯c máº¥y. 
Chá»§ quÃ¡n nháº¹ nhÃ ng, phá»¥c vá»¥ nhanh.",7.4
"QuÃ¡n nÃ y mÃ¬nh cÅ©ng hay order láº¯m. Menu quÃ¡n cÅ©ng Ä‘a dáº¡ng mÃ³n tá»« chÃ¡o áº¿ch tá»›i cÆ¡m Ã¡. Vá»‹ trÃ­ trung tÃ¢m cÅ©ng thuáº­n lá»£i, mÃ  mÃ¬nh Ã­t tá»›i quÃ¡n Äƒn. Chá»§ yáº¿u order qua now cho tiá»‡n. Bá»¯a trc nhÃ¡c náº¥u cÆ¡m nÃªn lÃªn now Ä‘áº·t q pháº§n cÆ¡m chiÃªn dÆ°Æ¡ng chÃ¢u, giÃ¡ 25k. HÃ´p cÆ¡m cÅ©ng nhiá»u Ã¡, Äƒn no quÃ¡ trá»i. K chá»‰ cÃ³ cÆ¡m mÃ  cÃ²n cÃ³ 1 cÃ¡i trá»©ng chiÃªn á»‘p lÃ¡ ná»¯a. CÆ¡m Äƒn cÅ©ng Ä‘Æ°á»£c, mÃ  hÆ¡i khÃ´ 1 tÃ­, pháº§n topping cÅ©ng k cÃ³ nhiá»u Ä‘Ã¢u. Ä‚n hÃ´p nÃ y khÃ¡ no luÃ´n Ã¡ 
Giao hÃ ng nhanh",7.8
"ChÃ¡o thá»‹t bÃ² 30k
------
Äang má»‡t ngÆ°á»i vÃ¬ thá»i tiáº¿t Ä‘Ã  náºµng nÃ³ng láº¡nh tháº¥t thÆ°á»ng quÃ¡ nÃªn mÃ¬nh lÃªn now order chÃ¡o thá»‹t bÃ² báº±m vá» Äƒn cho tiá»‡n. 
chÃ¡o nÃ y giÃ¡ 30k/1 tÃ´, tÃ´ chÃ¡o Ä‘á»• ra khÃ¡ nhiá»u ngon, chÃ¡o nhuyá»…n, thá»‹t bÄƒm nhá» nÃªn Äƒn Ã­t cáº£m nháº­n Ä‘Æ°á»£c vá»‹ thá»‹t láº¯m, cÃ³ cÃ  rá»‘t ná»¯a, chÃ¡o quÃ¡n nÃªm náº¿m vá»«a miá»‡ng, mÃ¬nh Äƒn tháº¥y ngon 
quÃ¡n nÃ y khÃ¡ chu Ä‘Ã¡o Ä‘em vá» bá» há»™p nhá»±a, muá»—ng Ä‘Å©a Ä‘áº§y Ä‘á»§
quÃ¡n nÃ y***thÃ¬ lÃ m nhanh láº¯m nÃªn shipper giao hÃ ng cá»±c nhanh luÃ´n
vá»‹ trÃ­ trung tÃ¢m khÃ¡ thuáº­n lá»£i, dá»… tÃ¬m Ä‘Ã³",8.0
"Shinshu Ä‘Ã£ chuyá»ƒn qua nguá»¹en hoÃ ng, vá»‹ trÃ­ cÅ©ng khÃ¡ trung tÃ¢m, Ä‘i ngang qua tháº¥y khÃ´ng gian sáº¡ch sáº½
hÃ´m nay má»‡t ngÆ°á»i nÃªn lÃªn now order chÃ¡o thá»‹t bÃ² bÄƒm vá» Äƒn. trá»i Æ¡i, quÃ¡n lÃ m mÃ³n siÃªu siÃªu nhanh Ä‘Ã³, order táº§m 5' lÃ  cÃ³ rá»“i, k thá»ƒ tin Ä‘Æ°á»£c mÃ , máº¥y há»“i Ä‘áº·t chÃ¡o áº¿ch thÃ¬ quÃ¡n lÃ m hÆ¡i lÃ¢u Ä‘Ã³
chÃ¡o nhiá»u, nhuyá»…n, Äƒn khÃ¡ vá»«a miá»‡ng, thá»‹t bÃ² ngon, chÃ¡p ship tá»›i cÃ²n nÃ³ng há»•i 
pháº§n nÃ y giÃ¡ 30k, Ä‘Äƒt qua now nháº­p code thÃ¬ free ship vÃ  cÃ²n giáº£m Ä‘Æ°á»£c 5k ná»¯a nÃ¨, khoáº» re ha",8.0
"Cháº¥t lÆ°á»£ng : Menu Ä‘a dáº¡ng , nhiá»u lá»±a chá»n , tá»« hÆ°Æ¡ng vá»‹ chÃ¡o Ä‘áº¿n hÆ°Æ¡ng vá»‹ áº¿ch . ChÃ¡o tráº¯ng , náº¥u nhá»« nhÆ°ng khÃ´ng bá»‹ nÃ¡t . áº¾ch Ä‘á»±ng trong thá»‘ nhÃ¬n Ä‘áº¹p , ngon miá»‡ng , tháº¥m gia vá»‹ , Ä‘á»™ máº·n vá»«a pháº£i .
KhÃ´ng gian : QuÃ¡n thoÃ¡ng , bÃ n gháº¿ Ä‘Æ¡n giáº£n nhÆ°ng mang phong cÃ¡ch hiá»‡n Ä‘áº¡i , cÃ³ váº» giá»‘ng nÆ°á»›c ngoÃ i ğŸ˜ . KhÃ´ng gian tháº¥y khÃ¡ á»•n , khÃ´ng bá»‹ háº§m hay bÃ­ .
GiÃ¡ cáº£ : BÃ¬nh thÆ°á»ng , nhÆ°ng khÃ´ng pháº£i giÃ¡ bÃ¬nh dÃ¢n , á»•n so vá»›i cháº¥t lÆ°á»£ng .",8.2
"ÄÃ¢y lÃ  cÆ¡ sá»Ÿ chÃ¡o áº¾ch Ä‘á»‹a chá»‰***chuyá»ƒn vá» nÃ¨. VÃ o quÃ¡n nghe mÃ¹i thÆ¡m ná»©t mÅ©i thÃ´i lÃ  thÃ¨m Äƒn rá»“i. ÄÃ¢y cÃ³ láº½ lÃ  quÃ¡n bÃ¡n chÃ¡o áº¿ch ná»•i nháº¥t táº¡i ÄÃ  Náºµng.
Náº¿u bá»¯a nÃ² chÃ¡n Æ¡n thÃ¨m chÃ¡o thÃ¬ má»i ngÆ°á»i nÃªn thá»­, giÃ¡ thÃ¬ cao hÆ¡n cÃ¡c tÃ´ chÃ¡o bÃ¬nh thá»«ng má»™t chÃºt nhÆ°ng sáº¡ch, ngon. 
chá»‹ chá»§ dá»… thÆ°Æ¡ng nhá»‡t tÃ¬nh láº¯m, quÃ¡n rá»™ng rÃ£i thÃ¡ng, ko bÃ­, cÃ³ ná»©c nha Ä‘am uá»‘ng thanh nhiá»‡t ngon láº¯m nÃ¨
NÃ³i chung lÃ  cá»© Äƒn thá»­ sáº½ biáº¿t hen. HÆ°Æ¡ng vá»‹ singapore nghe",9.4
"TÄƒng giÃ¡ mÃ  cháº¥t lÆ°á»£ng khÃ´ng tÄƒng. CÆ¡m chá»«ng Ä‘Ã³ thá»‹t mÃ  toÃ n má»¡ gÃ¬ khÃ´ng, háº¡t tráº¯ng trÃªn thá»‹t lÃ  má»¡ k pháº£i háº¡t cÆ¡m dÃ­nh nhÃ©. NhÃ¬n ghÃª khÃ´ng muá»‘n Äƒn luÃ´n",1.8
"MÃ¬nh Äƒn quÃ¡n nÃ y tá»« há»“i bÃªn***nay quÃ¡n Ä‘Ã£ dá»i qua*** quÃ¡n nÃ y mÃ¬nh hay Äƒn chÃ¡o áº¿ch vÃ¬ ráº¥t ngon, nháº¥t lÃ  chÃ¡o áº¿ch lÃ¡ dá»©a
lÃ¢u lÃ¢u Ä‘á»•i mÃ³n, mÃ¬nh Äƒn cÆ¡m áº¿ch cho láº¡. hÃ¬nh review mÃ¬nh chá»¥p Äƒn 2 láº§n nhÃ©, pháº§n kia lÃ  1 con áº¿ch 50k, cÃ²n pháº§n cÃ³ dÄ©a áº¿ch riÃªng lÃ  90k, pháº§n áº¿ch 90k Äƒn 2 ngá»«oi lÃ  oke Ä‘Ã³ 
áº¿ch xÃ o tháº¥m, Äƒn Ä‘áº­m Ä‘Ã , cay the, thá»‹t áº¿ch dai dai,cÃ¡i nÃ y mua vÃ¨ nháº­u cÅ©ng ngon Ä‘Ã³ hihi
quÃ¡n phá»¥c vá»¥ cÅ©ng nhanh, khÃ´ng gian sáº¡ch sáº½",8.2
"Trá»i mÆ°a nÃ y Ä‘áº·t mÃ³n cÆ¡m ruá»‘c nÃ y vá» Äƒn ngon khá»i chÃª. Vá»«a ngon láº¡i vá»«a ráº» thÃ¬ ai khÃ´ng thÃ­ch cÆ¡ chá»©. Cáº£m Æ¡n quÃ¡n nhÃ©, cÆ¡m ruá»‘c ráº¥t ngon. Sáº½ á»§ng há»™ nhiá»uğŸ˜˜ğŸ˜˜",10
"CÆ¡m thá»‘ háº£i sáº£n, chÃ¡o áº¿ch singapore quÃ¡ ngon, Ä‘ang Ä‘oi bá»¥ng gáº·p ngay quÃ¡n ngon, mÃ³n ngon, cÆ¡m thá»‘ háº£i sáº£n 50k nhiá»u má»±c, tÃ­nh ra giÃ¡ cÅ©ng ráº», máº¥y báº¡n nhÃ¢n viÃªn cá»±c nhiá»‡t tÃ¬nh, sáº½ giá»›i thiá»‡u vÆ¡i báº¡n bÃ¨",9.6
"MÃ¬nh vá»›i báº¡n gá»i 1 pháº§n chÃ¡o áº¿ch singapore, 1 bÃ² bÃ­t táº¿t sá»‘t tiÃªu, mÃ³n nÃ o cÅ©ng ngon, no cÄƒng bá»¥ng, quÃ¡n sáº¡ch sáº½, bÃ y trÃ­ dá»… thÆ°Æ¡ng hÆ¡n lÃºc trÆ°á»›c á»Ÿ bÃªn 03 Äáº·ng Thai Mai. Sáº½ ghÃ© thÆ°á»ng xuyÃªn",10
;;;;;;;;;;;;;;;;;;;;;;;;;;;;;;;;;;;;;;;;;;;;;;;;;;;;;;;;;;;;;;;;;;;;;;;;;;;;;;;;;;;;;;;;;;;;;;;;;;;;;;;;;;;;;;;;;;;;;;;;;;;;;;;;;;!!!!!!!!!!!!!!!!!!!;;;;;;;;;;;;;;;;;;;;!;;;;;;;;;;;;;;;;;;;;;;;;;;;;;!!!;;!;;;;;;;;;!!!!!!!!!!;;;;;;;;;;;;;;;!!!!!!!!!!!!;;;;;;;;;;;;;;;;;;;;;;;;;;;;;;;;;;;;;;;;;;;;;;;;;;;;;;;;;;;;;;;;;;;;;::--;:::;;;;;;;;;;;;,10
",,,,,,,,,,,,,,,,,,,,",7.0
"QuÃ¡n lÃºc trÆ°á»›c náº±m bÃªn 03 Äáº·ng Thai Mai, giá» chuyá»ƒn qua Ä‘á»‹a chá»‰ má»›i 257 NGUYá»„N HOÃ€NG, khÃ´ng gian thoÃ¡ng mÃ¡t, sáº¡ch Ä‘áº¹p, ngoÃ i Ä‘áº·c sáº£n ChÃ¡o áº¿ch Singapore cÃ²n bá»• sung thÃªm nhiá»u mÃ³n má»›i háº¥p dáº«n, Ä‘áº§y Ä‘á»§ cÃ¡c loáº¡i cÆ¡m ngon nhÆ° cÆ¡m nhÃ , chÃ¡o áº¿ch singapore thÃ¬ khá»i bÃ n rá»“i, Ã  cÃ²n cÃ³ bÃ² bittet, bÃ² kho ngon tuyá»‡t",9.8
"CÃ³ Ä‘áº·t á»Ÿ Ä‘Ã¢y nhiá»u mÃ³n, nhiá»u láº§n.
CÆ¡m chiÃªn dÆ°Æ¡ng chÃ¢u, Ä‘áº·t 2 láº§n. 1láº§n Äƒn Ä‘Æ°á»£c nhÆ°ng chiÃªn báº±ng gÃ¬ hÆ¡i khÃ³ Äƒn. Láº§n 2 Ä‘áº·t buá»•i tá»‘i, cÆ¡m nhÆ° Ä‘á»ƒ tá»§ láº¡nh, chiÃªn nhÆ°nh váº«n vÃ³n cá»¥c k Äƒn Ä‘Æ°á»£c
CÆ¡m bÃ² xÃ o, táº¡m á»•n
CÆ¡m Ä‘Ã  Ä‘iá»ƒu, thá»‹t ráº¥t dai 
CÆ¡m thá»‹t kho ruá»‘c, cÆ¡m nÃ y mÃ¬nh thÆ°á»ng Ä‘áº·t buá»•i tá»‘i, thá»‹t cÃ ng ngÃ y cÃ ng Ã­t, sáº£ lÃ  pháº§n lá»›n. Láº§n cuá»‘i mÃ¬nh Ä‘áº·t thÃ¬ thit Ä‘c táº§m 5-7 miáº¿ng cáº¯t nhá», chá»§ yáº¿u lÃ  da khÃ´ng vá»›i Ã­t má»¡. Tá»‡ nháº¥t lÃ  báº§u luá»™c bá»‹ thiu, cÃ³ Äƒn thá»­ thÃªm nhÆ°ng Ä‘á»u bá»‹ thiu cáº£, mÃ¬nh cÃ³ chá»¥p hÃ¬nh (xin lá»—i vÃ¬ hÃ¬nh hÆ¡i máº¥t má»¹ quan nhÆ°ng thá»±c sá»± lÃ  váº­y). Máº¥y láº§n trÆ°á»›c mÃ¬nh k lÃªn review, nhÆ°ng láº§n nÃ y quÃ¡ tá»‡ nÃªn lÃªn review",1.8
"Bá»n mÃ¬nh vÃ o gá»i cÆ¡m chiÃªn thÃ¬ pháº£i chá» lÃ¢u, cÆ¡m chiÃªn mÃ  cháº£ mang nÆ°á»›c lÃ¨o ra Äƒn khÃ´ háº¿t cá»•.",1.0
"Ä‚n cÆ¡m bá»¥i Ä‘á»§ 4-5 mÃ³n miáº¿t cÅ©ng chÃ¡n, tÃ¬nh cá» phÃ¡t hiá»‡n Shinshu cÃ³ cÆ¡m ruá»‘c ngon nhÆ° máº¹ náº¥u lun Ã¡. CÆ¡m háº¡t dáº»o má»m, mua ship nhÆ°ng lÃºc nÃ o tá»›i cÅ©ng nÃ³ng há»•i kÃ¨m 1 cÃ¡i trá»©ng chiÃªn, rau cháº§n vÃ  há»™p thá»‹t ruá»‘c. Thá»‹t ba chá»‰ ngon xen chÃºt má»¡ vÃ  da, kho rim vá»›i nÆ°á»›c ruá»‘c máº·n mÃ , cay cay. 
Pháº§n cÆ¡m cáº£ canh cÃ³ 20k, tÃ­nh ra Ä‘Æ°á»£c Ä‘áº¿n 4 mÃ³n Äƒn kÃ¨m. Canh cáº£i náº¥u vá»›i tÃ©p khÃ¡ ngon, vá»‹ vá»«a mÃ  Äƒn cháº¥t lÆ°á»£ng nhÆ° canh nhÃ  náº¥u chá»› hÃ´ng pháº£i canh Ä‘áº¡i dÆ°Æ¡ng Ä‘Ã¢u. NÃ³i chung lÃ  dÃ¢n vÄƒn phÃ²ng cháº¯c cháº¯n ghiá»n lun. Cho 10 Ä‘iá»ƒm.",8.0
"MÃ¬nh order ChÃ¡o áº¿ch Singapore lá»›n nhÆ°ng tháº¥y áº¿ch cÅ©ng ko lá»›n láº¯m nhÆ°ng ngon.
ChÃ¡o vá»‹ tá»i bÃ¬nh thÆ°á»ng, láº§n sau ghÃ© mÃ¬nh sáº½ thá»­ loáº¡i chÃ¡o khÃ¡c",7.8
CÃ ng ngÃ y cÃ ng dá»Ÿ tá»‡. CÆ¡m thá»‘ bÃ² dáº¥y .lÃºc trÆ°á»›c Äƒn ngon láº¯m gáº§n Ä‘ay Ä‘áº·t vá» bÃ² thÃ¬ chua giá»‘ng kiá»ƒu Ä‘á»“ Äƒn thá»«a cÃ² Ä‘á»ƒ láº¡i z. Ä‚n Ä‘c 1 ..2 miáº¿ng vá»© luÃ´n cÃ¡i há»™p bÃ².. nÃ© quÃ¡n nÃ y mÃ£i mÃ£i,4.2
"MÃ¬nh hay Äƒn á»Ÿ quÃ¡n nhÆ°ng nhÃ¢n viÃªn lÃºc nÃ o máº·t cÅ©ng cau cÃ³, mÃ¬nh khÃ´ng Äƒn Ä‘Æ°á»£c cay nÃªn gá»i pháº§n khÃ´ng cay, nhÆ°ng nhÃ¢n viÃªn cháº³ng Æ¡i há»¡i gÃ¬ sau Ä‘Ã³ cÃ¡c báº¡n bÆ°ng ra khay siÃªu cay. Gá»i nhÃ¢n viÃªn Ä‘áº¿n giáº£i quyáº¿t thÃ¬ cÃ¡c báº¡n Ä‘á»u nÃ©? MÃ¬nh Äƒn chÃ¡o áº¿ch chá»© Ä‘Ã¢u Äƒn bÃ² ""nÃ©""? Gá»i bÃ¡nh mÃ¬ nhÃ¢n viÃªn láº¡i tiáº¿p tá»¥c khÃ´ng Æ¡i há»¡i gÃ¬ cáº£, quay láº¡i tháº¥y cÃ¡c báº¡n Ä‘ang báº¥m Ä‘iá»‡n thoáº¡i thÃ¬ má»›i gá»i láº§n 2 vÃ  Ä‘Æ°á»£c Ä‘Ã¡p ""Äang hÃ¢m"". Má»™t chá»¯ ""Dáº¡"" khÃ´ng tá»‘n bao nhiÃªu calo nhÆ°ng nhÃ¢n viÃªn á»Ÿ Ä‘Ã¢y Ä‘á»u khÃ´ng phÃ¡t Ã¢m Ä‘Æ°á»£c, bÃª thá»©c Äƒn ra lÃºc nÃ o cÅ©ng nhÆ° dáº±n vÃ o máº·t khÃ¡ch.

NhÆ° Ä‘Ã£ nÃ³i, mÃ¬nh hay Äƒn á»Ÿ Ä‘Ã¢y vÃ¬ Ä‘á»“ Äƒn há»£p kháº©u vá»‹, chá»§ nhiá»‡t tÃ¬nh, cÃ²n nhÃ¢n viÃªn thÃ´i chÃ¡n khÃ´ng buá»“n nÃ³i.",3.8
"Tá»¥i mÃ¬nh gá»i hai pháº§n áº¿ch khá»•ng lá»“, má»™t chÃ¡o hÃ nh (phi) vÃ  má»™t chÃ¡o lÃ¡ dá»©a. áº¤n tÆ°á»£ng Ä‘áº§u tiÃªn khi Ä‘á»“ Ä‘Æ°á»£c bÆ°ng ra Ä‘Ã³ lÃ  tÃ´ chÃ¡o hÃ nh Ã­t hÆ¡n háº³n phÃ¢n ná»­a so vá»›i tÃ´ chÃ¡o dá»©a ğŸ˜‚, áº¿ch cÅ©ng lÃ  khá»•ng lá»“ mini thÃ´i chá»› chÆ°a pháº£i khá»•ng lá»“ ğŸ˜‚ğŸ˜‚ğŸ˜‚, Äƒn khÃ´ng giá»‘ng hÆ°Æ¡ng vá»‹ chÃ¡o áº¿ch sing láº¯m, khi nghiÃªn cá»©u gá»i mÃ³n tá»¥i mÃ¬nh nhá» phá»¥c vá»¥ ná»¯ tÆ° váº¥n thÃ¬ báº¡n nÃ³i theo kiá»ƒu "" Ä‘á»‘ hai Ä‘á»©a biáº¿t mÃ¬nh Ä‘ang nÃ³i gÃ¬"" ğŸ˜‚ğŸ˜‚ğŸ˜‚",6.6
"LÃºc trÆ°á»›c mÃ¬nh ráº¥t thÃ­ch cÆ¡m chiÃªn dÆ°Æ¡ng chÃ¢u á»Ÿ Ä‘Ã¢y. Ä‚n táº¡i quÃ¡n vÃ  ship vá» ráº¥t nhiá»u láº§n Ä‘á»u hÃ i lÃ²ng...
CÆ¡m giÃ²n, cÃ³ thÃªm báº¯p non Äƒn ngá»t vÃ  ngon. KÃ¨m vá»›i trá»©ng á»‘p la.. 
nhÆ°ng láº§n nÃ y Ä‘Æ°á»£c giao thÃ¬ cÆ¡m k ngon, Ä‘á»“ Äƒn Ä‘i kÃ¨m quÃ¡ nhiá»u tiÃªu nÃªn cay ná»“ng.
KhÃ´ng hiá»ƒu lÃ­ do gÃ¬ mÃ  láº¡i Ä‘á»•i cÃ¡ch cháº¿ biáº¿n nhÆ° váº­y.
Sáº½ khÃ´ng quay láº¡i náº¿u muá»‘n Äƒn cÆ¡m táº¡i quÃ¡n. CÃ²n chÃ¡o áº¿ch thÃ¬ váº«n ráº¥t ngon.",4.2
"HÃ´m nay má»›i ghÃ© quÃ¡n Äƒn cÆ¡m, thÆ°á»ng chá»‰ hay Äƒn chÃ¡o áº¿ch thÃ´i. MÃ¬nh gá»i pháº§n cÆ¡m thá»‹t ruá»‘c Äƒn kÃ¨m báº§u luá»™c, rau vÃ  trá»©ng chiáº¿n. Pháº§n cÆ¡m khÃ¡ nhiá»u cÆ¡m, thá»‹t ruá»‘c nhiá»u, vÃ  thÆ¡m nÃªn ráº¥t báº¯t cÆ¡m. Báº§u luá»™c vá»«a khÃ´ng bá»‹ chÃ­n quÃ¡, kÃ¨m canh Äƒn lÃ  no láº¯m luÃ´n.
QuÃ¡n Ä‘Ã´ng nÃªn phá»¥c vá»¥ cÅ©ng hÆ¡i cháº­m xÃ­u.",8.0
"HÃ´m shinsu bÃªn nÃ y cháº¡y code 50% cho Ä‘Æ¡n tá»« 50k nÃªn mÃ¬nh cÃ³ Ä‘áº·t 1 pháº§n cÆ¡m thá»‘ bÃ² thÃªm cÆ¡m tráº¯ng + 7k ná»¯a.
Pháº§n cÆ¡m nhÆ° hÃ¬nh, Ä‘Ã³ng gÃ³i gon gÃ ng. Giao Ä‘áº¿n cÃ²n nÃ³ng. CÆ¡m chiÃªn vá»›i rau cá»§ giÃ²n gÃ¬on, nÃªm náº¿m vá»«a miá»‡ng nhÆ°ng hÆ¡i Ã­t. CÆ¡m tráº¯ng, dáº»o háº¡t.
CÆ¡ mÃ  cÃ³ má»™t váº¥n Ä‘á» lÃ  bÃ² Ã­t quÃ¡. Huhu. CÃ³ xÃ­u xiu Äƒn tÃ­ lÃ  háº¿t sáº¡ch rá»“i :v 
Tháº­t sá»± lÃ  cÃ³ code vÃ o Äƒn tháº¿ nÃ y thÃ¬ Ä‘Æ°á»£c chá»© ko code gÃ­a chÃ¡t quÃ¡ lÃ  chÃ¡t.",7.4
ThÆ°á»ng xuyÃªn ghÃ© bÃªn nÃ y luÃ´n. CÆ¡m gÃ  ngon nÃ¨. Má»i khi hay Äƒn cÆ¡m chiÃªn dÆ°Æ¡ng chÃ¢u hoáº·c cÆ¡m thá»‹t kho ruá»‘c. GiÃ¡ khÃ¡ á»•n tá»« 20 Ä‘áº¿n 50. KhÃ´ng gian sáº¡ch sáº½ nhÃ¢n viÃªn dá»… thÆ°Æ¡ng.,8.2
"QuÃ¡n cÃ³ code trÃªn Now nÃªn mÃ¬nh Ä‘áº·t vá» vÄƒn phÃ²ng Äƒn trÆ°a
CÃ³ gá»i cÆ¡m thÃªm 7k ná»¯a
Nháº­n vá» pháº§n nhiá»u ghÃª nÃªn chia cho chá»‹ ná»¯a cÃ¹ng Äƒn
CÆ¡m cÃ³ thÃªm cÃ  rá»‘t bÃ o, cÆ¡m dáº»o ngon
Thá»‹t bÃ² xÃ o, khÃ¡ nhiá»u
Ä‚n cÅ©ng Ä‘Æ°á»£c, cÆ¡ mÃ  hÆ¡i nháº¡t, quÃ¡n láº¡i khÃ´ng bá» thÃªm xÃ¬ dáº§u hay nÆ°á»›c máº¯m chi cáº£!
Ship Ä‘áº¿n cÃ²n nÃ³ng há»•i!",7.6
"ChÃ¡o thá»‹t bÃ² báº±m khÃ¡ ngon, nhÆ°ng Ä‘á»‘i vá»›i kháº©u vá»‹ cá»§a mÃ¬nh thÃ¬ hÆ¡i máº·n",7.0
"ChÃ¡o áº¿ch ngon cá»±c. TÃ¬m Ä‘áº¿n quÃ¡n mÃ  khÃ´ng ai giá»›i thiá»‡u chá»‰ sá»£ khÃ´ng vá»«a Ã½. Ai ngá» ngon cá»±c thÃ nh nghiá»‡n luÃ´n. HÃ´m sau pháº£i gá»i ship sang chá»— lÃ m Äƒn. áº¿ch váº«n ngon nhÆ°ng pháº§n áº¿ch nhá» hÆ¡n lÃºc Äƒn á»Ÿ tiá»‡m. Sáº½ á»§ng há»™ quÃ¡n dÃ i dÃ i. 
KhÃ´ng gian Ä‘Æ¡n giáº£n, sáº¡ch sáº½. ChÃº bÃª Ä‘á»“ Äƒn ra khÃ´ng biáº¿t cÃ³ pháº£i chá»§ khÃ´ng. Ráº¥t tá»« tá»‘n nháº¹ nhÃ ng. Chá»‰ khay Ä‘á»ƒ muá»—ng Ä‘Å©a. Nháº¹ nhÃ ng chÃºc khÃ¡ch Äƒn ngon miá»‡ng. Ráº¥t tinh táº¿ mÃ  khÃ´ng phÃ´ trÆ°Æ¡ng. Ráº¥t hÃ i lÃ²ng vá»›i Ä‘á»“ Äƒn vÃ  cÃ¡ch phá»¥c vá»¥ cá»§a chÃº. 
Äiá»ƒm trá»« lá»›n nháº¥t lÃ  má»›i vÃ o nhÃ¢n viÃªn ná»¯ ngá»“i cháº³ng muá»‘n ra tiáº¿p khÃ¡ch. Gá»i láº¡i há»i bÃ¢y giá» quÃ¡n Ä‘Ã£ cÃ³ chÃ¡o chÆ°a chá»‹ thÃ¬ tráº£ lá»i há»i há»£t. KhÃ´ng thiá»‡n cáº£m phÃºt má»›i vÃ o quÃ¡n.",9.0
"Bá»¯a cÃ³ code now giáº£m giÃ¡ nÃªn mÃ¬nh order 1 páº§n chÃ¡o áº¿ch vÃ  páº§n báº¯p má»¹ xÃ o bÆ¡.do láº§n trÆ°á»›c Äƒn táº¡i quÃ¡n thÃ¬ tháº¥y mÃ³n nÃ y khÃ¡ ngon nÃªn giá» order vá» Äƒn.
Pháº§n chÃ¡o áº¿ch thÃ¬ á»•n, má»—i tá»™i sá»‘t lÃ¡ dá»©a cho quÃ¡ keo kiá»‡t.
CÃ²n báº¯p xÃ o thÃ¬ bá»‹ chua thiu mÃ  quÃ¡n ko chÃº Ã½.MÃ  mÃ³n nÃ y ráº¥t Ä‘áº¯t 30k/dÄ©a lun nÃªn mÃ¬nh call qua quÃ¡n yÃªu cáº§u kiá»ƒm tra láº¡i thÃ¬ Ä‘Ãºng lÃ  báº¯p cá»§a quÃ¡n Ä‘Ã£ bá»‹ hÆ° vÃ  chua.Tháº¿ lÃ  quÃ¡n nhanh chÃ³ng giao cho mÃ¬nh 1 páº§n báº¯p má»›i ngon lÃ nh.
ÄÃ¡nh giÃ¡ cao tinh tháº§n nhiá»‡t tÃ¬nh cá»§a quÃ¡n.",7.0
"TrÆ°á»›c mÃ¬nh hay order chÃ¡o áº¿ch bÃªn nÃ y, nay thá»­ order cÆ¡m trÆ°a xem sao. MÃ¬nh chá»n má»™t pháº§n cÆ¡m chiÃªn vÃ  má»™t cÆ¡m bÃ². CÆ¡m chiÃªn khÃ¡ ngon, vá»«a Äƒn mÃ  láº¡i khÃ´ng quÃ¡ khÃ´, cÆ¡m bÃ² háº¡t cÆ¡m dáº»o, pháº§n bÃ² xÃ o cÅ©ng khÃ¡ há»£p vá»‹",7.6
"MÃ¬nh hay Äƒn quÃ¡n nÃ y, lÃºc nÃ o cÅ©ng tháº¥y ngon vá»«a miá»‡ng, Äƒn ko ngÃ¡n, giá»‘ng cÆ¡m nhÃ  láº¯m mng áº¡! 
HÃ´m nay mÃ¬nh oder cÆ¡m áº¿ch tháº¥y cÅ©ng há»£p tÃºi tiá»n, vá»‹ ngon cay cay chuáº©n, cÃ²n cÆ¡m thá»‹t ruá»‘c thÃ¬ miá»…n bÃ n vÃ¬ quÃ¡ ngon ğŸ˜˜",9.2
"MÃ¬nh vá»«a order má»™t pháº§n chÃ¡o 3 áº¿ch , nhÆ°ng sau khi má»Ÿ há»™p thÃ¬ tháº¥y ráº¥t Ã­t áº¿ch, cáº£m giÃ¡c cÃ²n chÆ°a Ä‘Æ°á»£c hai con áº¿ch !!!. Thá»±c táº¿ lÃ  Äƒn khÃ´ng Ä‘á»§ cho hai pháº§n chÃ¡o ğŸ˜­ ( hai ngÆ°á»i Äƒn , 3 áº¿ch, vÃ  hai chÃ¡o thÃ¬ thá»«a chÃ¡o thiáº¿u áº¿ch). MÃ¹i vá»‹ thÃ¬ theo mÃ¬nh khÃ¡ máº·n vÃ  khÃ´ng há» giá»‘ng vá»‹ chÃ¡o áº¿ch Sing mÃ  mÃ¬nh biáº¿t. ChÃ¡o thÃ¬ quÃ¡ nhuyá»…n nhÆ° chÃ¡o bá»™t cho con nÃ­t Äƒn vÃ  chÃ¡o hÃ nh lÃ  hÃ nh phi, theo mÃ¬nh khÃ¡ ngáº¥y vÃ  khÃ´ng ngon miá»‡ng. Äiá»ƒm cá»™ng duy nháº¥t lÃ  chai nÆ°á»›c nha Ä‘am khÃ¡ thÆ¡m ngon ğŸ™„. Sáº½ khÃ´ng quay láº¡i !!!",3.4
"MÃ¬nh Ä‘áº·t 2 pháº§n cÆ¡m, Äƒn nhiá»u láº§n rá»“i, cáº£m giÃ¡c cÆ¡m nÃ o cÅ©ng ngon. Vá»‹ giá»‘ng cÆ¡m nhÃ , Äƒn Ä‘á»¡ ngÃ¡n hÆ¡n so vá»›i cÆ¡m há»™p bÃªn ngoÃ i â˜ºï¸ sáº½ Äƒn dÃ i dÃ i áº¡!",9.0
"SÃ¡ng nay ghÃ© Äƒn sÃ¡ng, tháº¥y quÃ¡n cÅ©ng táº¡m Ä‘Æ°á»£c. Phá»¥c vá»¥ bÃ¬nh thÆ°á»ng khÃ´ng niá»m ná»Ÿ cÅ©ng khÃ´ng cÃ³ gÃ¬ báº¥t lá»‹ch sá»±, cháº¯c do má»›i sÃ¡ng chÆ°a tá»‰nh ngá»§ ğŸ˜‚ . Pháº§n nhÆ° hÃ¬nh lÃ  35k kÃ¨m 1 bÃ¡nh mÃ¬. Vá»‹ hÆ¡i nháº¡t khÃ´ng Ä‘áº­m Ä‘Ã  (pháº£i cho thÃªm nÆ°á»›c tÆ°Æ¡ng) vÃ  chua do sá»‘t cÃ  chua nhiá»u quÃ¡, láº¥n Ã¡t háº¿t mÃ¹i bÃ² vÃ  pate. BÃ² khÃ´ng tháº¥m vÃ  hÆ¡i dai, pate Äƒn bÃ¬nh thÆ°á»ng, cÃ³ thÃªm máº¥y há»™t báº¯p má»¹ tháº¥y cÅ©ng láº¡ miá»‡ng so vá»›i chá»— khÃ¡c. 
Tháº¥y review chÃ¡o áº¿ch nhiá»u hÆ¡n, cÃ³ khi mÃ³n bÃ² nÃ© nÃ y khÃ´ng pháº£i tháº¿ máº¡nh cá»§a quÃ¡n, láº§n sau sáº½ thá»­ chÃ¡o áº¿ch xem sao.",6.4
"QuÃ¡n nÃ y gáº§n cty mÃ¬nh. Buá»•i trÆ°a hay xuá»‘ng Äƒn cÆ¡m chá»© Ã­t khi Äƒn chÃ¡o áº¿ch. CÆ¡m bÃªn nÃ y khÃ¡ dá»… Äƒn vÃ¬ giÃ¡ ráº», 20k/ pháº§n mÃ  sáº¡ch sáº½. KhÃ¡ch vÄƒn phÃ²ng nhÃ¬u láº¯m lun. NhÃ¢n viÃªn nhiá»‡t tÃ¬nh.",7.6
"TrÆ°a lÆ°á»i Ä‘i Äƒn nÃªn order pháº§n nÃ y vá» cty Äƒn cho nhanh. BÃ¬nh thÆ°á»ng Äƒn á»Ÿ quÃ¡n mÃ¬nh tháº¥y ngon láº¯m mÃ  sao Ä‘áº·t ship vá» tháº¥y ko ngon báº±ng. áº¾ch ko tháº¥m vá»‹, nÆ°á»›c sá»‘t cÅ©ng ko Ä‘áº­m Ä‘Ã . MÃ³n nÃ y cháº¯c Äƒn táº¡i quÃ¡n ngon hÆ¡n lÃ  mang Ä‘i.",7.2
"MÃ¬nh Äƒn á»Ÿ quÃ¡n nhiá»u láº§n tháº¥y ráº¥t ngon. HÃ´m nay trá»i mÆ°a ship qua Now 1 pháº§n chÃ¡o 2 pháº§n áº¿ch lá»›n + nÆ°á»›c nha Ä‘am thÃ¬ tháº­t sá»± tháº¥t vá»ng. ChÃ¡o lá»ng, ko cÃ³ mÃ¹i dá»©a nhÆ° mÃ¬nh Ä‘áº·t. Thá»‹t Ä‘Ã¹i áº¿ch thÃ¬ dai nhÃ¡ch, 2 vá»£ chá»“ng nhai hoÃ i ko ná»—i nÃªn toÃ n bá» láº¡i. :(, nÆ°á»›c sá»‘t cÅ©ng lá»ng láº»o, ko Ä‘áº·c sÃ¡nh thÆ¡m nhÆ° tá»«ng Äƒn á»Ÿ quÃ¡n. Äáº·c biá»‡t hÆ¡n lÃ  quÃ¡n ship thiáº¿u nÆ°á»›c nha Ä‘am ná»¯a chá»©!. Haiz tiáº¿c quÃ¡",3.6
"Táº¡i gáº§n cÃ´ng ty nÃªn hay ghÃ© Äƒn. CÆ¡m á»Ÿ Ä‘Ã¢y khÃ¡ ngon. Tuy nhiÃªn quÃ¡n phá»¥c vá»¥ ráº¥t cháº­m, táº§m 20 - 30 phÃºt má»›i cÃ³ Ä‘á»“ Äƒn ra bÃ n. QuÃ¡n cáº§n cáº£i thiá»‡n thÃªm.",7.0
"MÃ¬nh Ä‘áº·t 2 pháº§n bÃ² nÃ© Ä‘áº·c biá»‡t nhÆ°ng má»™t pháº§n cÃ³ bÃ¡nh mÃ¬ má»™t pháº§n khÃ´ng cÃ³. BÃ² nÃ© trong hÃ¬nh minh há»a cÃ³ xÃºc xÃ­ch ná»¯a nhÆ°ng pháº§n mÃ¬nh Ä‘áº·t chá»‰ cÃ³ trá»©ng vÃ  thá»‹t bÃ². CÆ¡ mÃ  bÃ¹ láº¡i hÆ°Æ¡ng vá»‹ khÃ¡ ngon
NÆ°á»›c nha Ä‘am thanh thanh, ngon láº¯m nha",7.4
"MÃ¬nh vÃ  báº¡n gá»i cÆ¡m chiÃªn gÃ  giÃ²n vÃ  cÆ¡m bÃ² xÃ o á»Ÿ Ä‘Ã¢y. NÃ³i chung vá»›i giÃ¡ 40k thÃ¬ hÆ¡i Ä‘áº¯t má»™t chÃºt so vá»›i cháº¥t lÆ°á»£ng. 
BÃ² xÃ o cháº¯c Ä‘Æ°á»£c 4,5 miáº¿ng thá»‹t bÃ² thÃ´i, mÃ  má»ng lÃ©t Ã  :v 
CÆ¡m gÃ  thÃ¬ miáº¿ng gÃ  cÅ©ng bÃ© thÃ´i, toÃ n xÆ°Æ¡ng. 
Ä‚n thá»­ cho biáº¿t chá»© cÃ³ láº½ sáº½ ko Ä‘áº·t láº¡i ná»¯a.",7.2
"MÃ¬nh hay order bÃªn nÃ y vÃ¬ cÅ©ng thÃ­ch mÃ³n chÃ¡o áº¿ch Singapore, hÆ°Æ¡ng vá»‹ khÃ¡ ngon. BÃªn nÃ y cÅ©ng hay cÃ³ chÆ°Æ¡ng trÃ¬nh giáº£m giÃ¡ qua Deli, láº¡i gáº§n cty nÃªn order nhanh láº¹. Tuy nhiÃªn dáº¡o nÃ y cÃ³ váº» khÃ´ng hÃ i lÃ²ng láº¯m, khÃ´ng biáº¿t cÃ³ pháº£i do giáº£m giÃ¡ 50% hay khÃ´ng mÃ  má»™t suáº¥t chÃ¡o áº¿ch á»Ÿ Ä‘Ã¢y cÃ ng Ã­t dáº§n, suáº¥t 1 con áº¿ch khá»•ng lá»“ mÃ  cÃ³ chÃºt Ã©c, thua xa lÃºc Äƒn trá»±c tiáº¿p á»Ÿ quÃ¡n. KhÃ´ng vui rá»“i nha",7.4
CÃ³ mÃ£ deli giáº£m 50% nÃªn ord 1 pháº§n chÃ¡o + 2 con áº¿ch. Ä‚n cho ngÃ¡n luÃ´n. CÃ³ ghi chÃº lÃ  nhiá»u hÃ nh lÃ¡ mÃ  hÃ¬nh nhÆ° bÃªn deli quÃªn dáº·n. Gá»i lÃ  chÃ¡o áº¿ch Sing thÃ¬ ko Ä‘Ãºng cho láº¯m. VÃ¬ chÃ¡o áº¿ch Sing mÃ¬nh Ä‘c Äƒn trong SG thÃ¬ ko giá»‘ng. HÆ°Æ¡ng vá»‹ tuy lÃ¢u nhÆ°ng mÃ¬nh nhá»› khÃ¡ rÃµ. Pháº§n chÃ¡o tráº¯ng hÆ°Æ¡ng tá»i nÃªn khÃ¡ thÆ¡m,8.0
"QuÃ¡n bÃ¡n Ä‘á»“ Äƒn khÃ¡ cháº¥t lÆ°á»£ng vÃ  giÃ¡ cÅ©ng pháº£i chÄƒng
Má»i láº§n hay gá»i chÃ¡o áº¿ch nhÆ°ng hÃ´m nay Ä‘á»•i sang cÆ¡m, máº¥y láº§n quÃ¡n cÃ³ code deli 50% nÃªn giÃ¡ cáº£ thiá»‡t lÃ  quÃ¡ ráº» lun Ã¡
MÃ¬nh gá»i cÆ¡m cÃ o bÃ², Ä‘á»“ Äƒn tháº¥m vá»‹, bÃ² dai, cÃ  rÃ³t má»m
CÆ¡m cho nhiá»u quÃ¡ xÃ¡, Äƒn k háº¿t",8.0
"VÃ¬ lÃ  fans cá»§a áº¿ch nÃªn mÃ¬nh ghiá»n chÃ¡o áº¿ch Ä‘á»“ cÃ¡c kiá»ƒu láº¯m. Tá»« ngÃ y phÃ¡t hiá»‡n quÃ¡n nÃ y cÃ³ tuáº§n mÃ¬nh Äƒn cáº£ 7 ngÃ y chÃ¡o áº¿ch :((((
QuÃ¡n nÃ y chÃ¡o áº¿ch lÃ m tháº¥m láº¯m, cÃ³ Ä‘iá»u chÃ¡o k Ä‘Æ°á»£c ngon cho láº¯m, náº¿u Ä‘Æ°á»£c cÃ³ thá»ƒ náº¥u chÃ¡o Ä‘áº·c hÆ¡n sÃ­ Ä‘c k áº¡ :((( chá»© nhÆ° mÃ¬nh dÃ¢n VP vá»«a lÃ m vá»«a Äƒn thÃ¬ Ä‘á»ƒ cháº­p chÃ¡o nÃ³ ra nÆ°á»›c ngÃ¡n láº¯m cÆ¡.
NÃ³i Ä‘i nÃ³i láº¡i, chÃ¡o áº¿ch bÃªn nÃ y cÅ©ng khÃ¡ ngon Ä‘Ã³ áº¡.",8.0
"HÃ´m bá»¯a cÃ³ Ä‘áº·t qua delivery now má»™t pháº§n chÃ¡o áº¿ch, hai pháº§n cÆ¡m vá»›i áº¿ch chiÃªn giÃ²n, vá»›i má»™t pháº§n xÃºc xÃ­ch, má»i thá»© Ä‘á»u Ä‘Æ°á»£c chá»‰ Ä‘Ã¡ng tiáº¿c lÃ  cÆ¡m vá»›i áº¿ch chiÃªn giÃ²n cháº³ng cÃ³ sá»‘t gÃ¬ Äƒn kÃ¨m cáº£ nÃªn cáº£m tháº¥y hÆ¡i nháº¡t, bá»¯a Ä‘Ã³ cÃ³ giáº£m 50% nÃªn ráº¥t ráº» Ã½.",7.0
Ngon láº¯m áº¡:)) sáº½ á»§ng há»™ quÃ¡n dÃ i dÃ i ^^,6.8
"Äá»“ Äƒn cá»§a QuÃ¡n thÃ¬ ngon mÃ  mÃ¬nh Ä‘áº·t hÃ ng bao giá» cÅ©ng giao thiáº¿u xÃ³t??? 
HÃ´m nay Ä‘áº·t pháº§n nÃ© Ä‘áº·c biá»‡t thÃªm xÃºc xÃ­ch cuá»‘i cÃ¹ng k thÃªm, hÃ´m trÆ°á»›c cÅ©ng váº­y. KhÃ¡ lÃ  k hÃ i lÃ²ng khoáº£ng nÃ y!",4.2
"ChÃ¡o á»Ÿ Ä‘Ã¢y hÆ¡i Ã­t, chÃ¡o Ã­t áº¿ch cÅ©ng Ã­t. NhÆ°ng áº¿ch Ä‘Æ°á»£c kho Ä‘áº­m Ä‘Ã  má»—i tá»™i thá»‹t áº¿ch quÃ¡ Ã­t, chá»‰ toÃ n nÆ°á»›c thÃ´i, mÃ¬nh chÆ°a Äƒn táº¡i quÃ¡n nhÆ° tháº¿ nÃ o nhÆ°ng khi oder vá» thÃ¬ hÆ¡i tháº¥t vá»ng. áº¾ch duy nháº¥t mÃ¬nh tháº¥y quÃ¡ nÃ y lÃ  oke nháº¥t, láº§n sau bá» nhiá»u thá»‹t áº¿ch chÃºt lÃ  Ä‘Æ°á»£c :))",7.0
"Äáº¿n quÃ¡n vÃ o buá»•i trÆ°a, lÃºc Ä‘Ã³ cÅ©ng khÃ´ng quÃ¡ Ä‘Ã´ng khÃ¡ch. NhÆ°ng cÃ³ mÃ³n thÃ¬ hÆ¡i lÃ¢u, cháº¯c cÃ³ thá»ƒ vÃ¬ lÃºc gá»i mÃ³n quÃ¡n má»›i cháº¿ biáº¿n.
Gá»i 2 áº¿ch 1 chÃ¡o, nhÆ°ng Ä‘em ra 2 pháº§n chÃ o, cháº¯c táº¡i tháº¥y 2 ngÆ°á»i. áº¾ch thÃ¬ tháº¥m ngon, cay. ChÃ¡o cÃ¡ch náº¥u sao Äƒn mau ngÃ¡n láº¯m. 2 ngÆ°á»i Ä‘ang Ä‘Ã³i mÃ  Äƒn khÃ´ng háº¿t Ä‘c 1 tÃ´.
NhÆ°ng váº«n cháº¥m Ä‘iá»ƒm tá»‘t cho quÃ¡n vÃ¬ áº¿ch ngon.",5.0
"MÃ¬nh Ä‘Ã£ Ä‘áº¿n quÃ¡n Äƒn 1 láº§n vÃ  ship vá» má»™t láº§n . Theo mÃ¬nh tháº¥y mÃ¬ cay thÃ¬ hoÃ n toÃ n k cay. HÃ´m mÃ¬nh Ä‘áº¿n Äƒn cáº¥p Ä‘á»™ 5 mÃ  tháº­t sá»± cÃ²n thua cáº£ cáº¥p Ä‘á»™ 2 cá»§a mÃ¬ hothot mÃ¹i vá»‹ bá»‹ hÄƒng quÃ¡ má»©c vÃ¬ bá» quÃ¡ nhiá»u gia vá»‹. HÃ´m mÃ¬nh Ä‘áº¿n mua vá» cÃ²n pháº£i chá» lÃ¢u hÆ¡n cáº£ hÃ´m ship trÃªn foody. LÃºc ship vá» thÃ¬ nhÆ° áº£nh Ä‘áº¥y nem chua thÃ¬ bá»‹ chÃ¡y Ä‘en cÃ²n hÆ¡i cÃ³ vá»‹ Ä‘áº¯ng Ä‘áº¯ng ná»¯a, chÃ¡o nháº¡t bá» cáº£ há»™p áº¿ch vÃ o váº«n tháº¥y nháº¡t, mÃ¬nh cÃ³ mua thÃªm 1 pháº§n chÃ¡o thÃªm nhÆ°ng khÃ´ng Äƒn Ä‘Æ°á»£c bá»Ÿi nháº¡t, chÃ¡o ráº¥t Ä‘áº·c, Ã­t bÃ©o vÃ  náº¥u báº±ng bá»™t thÃ¬ pháº£i.",1.0
"QuÃ¡n nÃ y náº±m gáº§n cÃ´ng ty mÃ¬nh, máº¥y há»“i hay Ä‘áº·t qua deli láº¯m. Nay kiá»ƒu ráº£nh rá»—i ghÃ© sang Äƒn. KhÃ´ng gian quÃ¡n bt, Ä‘á»“ Äƒn ngon nhÆ°ng phá»¥c vá»¥ vÃ  cháº¿ biáº¿n mÃ³n tá»‰ lÃ¢u luÃ´n. Äá»£i 20p hÆ¡n má»›i cÃ³ Ä‘á»“ Äƒn. GiÃ¡ cÅ©ng há»£p lÃ½ ná»¯a",7.8
ChÃ¡o ngon nhÆ°ng giÃ¡ hÆ¡i cao. CÆ¡m á»Ÿ Ä‘Ã¢y giÃ¡ bÃ¬nh dÃ¢n nhÃ¡,7.4
"QuÃ¡n nÃ y gáº§n cÃ´ng ty mÃ¬nh. TrÆ°a gá»i cÆ¡m vá» Äƒn, Ä‘ag giáº£m 30% khi order qua deli. CÆ¡m thá»‹t kho ruá»‘c sáº£ nhon, cÆ¡m chiÃªn dÆ°Æ¡ng chÃ¢u Äƒn cÅ©ng ok
CÆ¡m nhiá»u, Äƒn no
CÃ³ cho thÃªm bÃ¬ canh bÃ­ Ä‘á»",7.8
"Má»›i order cÆ¡m thá»‹t kho ruá»‘c sáº£ vs ngÅ© quáº£ vá»«a vá» Äƒn. Shipepr ship nhanh ghee. CÆ¡m nhiá»u, cÃ³ thÃªm trá»©ng á»‘p la. Thá»‹t kho ruá»‘c sáº£ Äƒn vs cÆ¡m tá»· ngon luÃ´n Ã­
Rau luá»™c Äƒn cÅ©ng khÃ¡ ok",7.6
"Nghe má»i ngÆ°á»i báº£o chÃ¡o áº¿ch á»Ÿ Ä‘Ã¢y ngon láº¯m nhÆ°ng giÃ¡ khÃ¡ cao 1 pháº§n 50k rá»“i, Ä‘Ãºng dá»‹p cÃ³ mÃ£ giáº£m giÃ¡ cá»§a delivery nÃªn ship vá» Äƒn thá»­, mÃ¬nh thÃ­ch Äƒn cay nÃªn chá»n sá»‘t Singapore cay nhiá»u vÃ  chÃ¡o hÃ nh . Shipper giao nhanh nháº¹n nhiá»‡t tÃ¬nh, chÃ¡o Ä‘Æ°á»£c bá» há»™p sáº¡ch sáº½ . MÃ¬nh nghÄ© Ã­t nhÆ°ng chÃ¡o Ä‘áº§y vuÃ´ng 1 há»™p, chÃ¡o hÃ nh lÃ  chÃ¡o tráº¯ng cÃ³ hÃ nh phi phÃ­a trÃªn, Äƒn thÆ¡m thÆ¡m chÃ¡o nhuyá»…n ngon, áº¿ch ráº¥t tháº¥m vÃ  sÄƒn, nÆ°á»›c sá»‘t Ä‘Ãºng Ä‘áº­m Ä‘Ã  tuy nhiÃªn hÆ¡i máº·n chÃºt xÃ­u náº¿u ngá»t tÃ­ lÃ  tuyá»‡t vá»i rá»“i",7.2
"ChÃ¡o áº¿ch ngon, tháº¥m, vá»‹ cay. Sáº½ á»§ng há»™ dÃ i dÃ i",8.2
"ÄÃ³i bá»¥ng thÃªm Ä‘au má»‡t nÃªn nhá»› Ä‘áº¿n mÃ³n chÃ¡o áº¿ch. MÃ¬nh vs báº¡n od qua Deli dÃ¹ng code nÃªn mua pháº§n cÆ¡m vs chÃ¡o chá»‰ cÃ³ 50k, quÃ¡ lá»£i. ChÃ¡o áº¿ch á»Ÿ Ä‘Ã¢y thÃ¬ khá»i bÃ n, áº¿ch tháº¥m, chÃ¡o nhiá»u. CÆ¡m hÆ¡i khÃ´ má»™t chÃºt nhÆ°ng bÃ¹ láº¡i nhiá»u láº¯m, gÃ  háº³n 1/4 con. Láº§n sau váº«n sáº½ tiáº¿p tá»¥c od qua deli vá»«a cÃ³ Ä‘á»“ Äƒn ngon vá»«a ráº».",7.4
"MÃ¬nh cá»±c kÃ¬ thÃ­ch Äƒn chÃ¡o, dá»… Äƒn... MÃ¹a Ä‘Ã´ng mÃ¬nh ráº¥t thÃ­ch Ä‘áº¿n Ä‘Ã¢y Äƒn chÃ¡o... vá»«a nÃ³ng vá»«a ngon
MÃ¹a Ä‘Ã´ng láº¡nh Ä‘áº¿n Ä‘Ã¢y Äƒn bÃ¡t chÃ¡o áº¿ch lÃ  áº¥m lÃ²ng...hihi
ChÃ¡o náº¥u ráº¥t nhuyá»…n, áº¿ch kho tháº¥m thÃ­a.. nÃ³i chung mÃ¬nh ráº¥t thÃ­ch mÃ³n chÃ¡o áº¿ch á»Ÿ Ä‘Ã¢y :)
KhÃ´ng gian quÃ¡n cÅ©ng khÃ¡ nhá», áº¥m cÅ©ng giá»‘ng kiá»ƒu gia Ä‘Ã¬nh Ã­... QuÃ¡n nhÃ¬n cÅ©ng ráº¥t sáº¡ch sáº½, nhÃ¢n viÃªn ráº¥t thÃ¢n thiá»‡n
CÃ³ Ä‘iá»u á»Ÿ Ä‘Ã¢y lÃ m mÃ³n hÆ¡i lÃ¢u... vÃ¬ mÃ¬nh pháº£i gá»i rá»“i quÃ¡n má»›i lÃ m...
GiÃ¡ cáº£ thÃ¬ cÅ©ng há»£p lÃ­, ko máº¯c cÅ©ng ko ráº»... nÃ³i chung phÃ¹ há»£p vá»›i cháº¥t lÆ°á»£ng
MÃ¬nh sáº½ quay láº¡i Ä‘Ã¢y á»§ng há»™ quÃ¡n",8.6
"Trá»i láº¡nh thiá»‡t láº¡nh Ä‘i Äƒn chÃ¡o áº¿ch lÃ  quÃ¡ ngon luÃ´n. ThÃ­ch chÃ¡o áº¿ch á»Ÿ Ä‘Ã¢y nháº¥t nhÃ  vÃ¬ nÃ³ ráº¥t lÃ  tháº¥m thÃ­a Ä‘áº­m Ä‘Ã . Trá»i mÆ°a mÆ°a láº¡nh láº¡nh lÃ m bÃ¡t chÃ¡o áº¿ch lÃ¡ dá»©a con to full size lÃ  sá»‘ zÃ¡ch lun.
Bá»¯a ngá»“i chÆ¡ lÃ¢u kÃªu thÃªm dÄ©a ngÃ´ chiÃªn bá»™t. Ngon ko tÆ°á»Ÿng nha Äƒn má»m má»m thÆ¡m bÆ¡ vÃ  ngá»t láº¯m.
ChÃ¡o áº¿ch á»Ÿ Ä‘Ã¢y giÃ¡ cao quÃ¡ Ã½. ÄÃ¢u táº§m 50k/ thá»‘. Uá»‘ng trÃ  sá»¯a máº¥y ko tháº¥y tiáº¿c mÃ  Äƒn thá»‘ áº¿ch ngon dá»… sá»£ thÃ¬ láº¡i tiáº¿c ehe.
Má»—i tá»™i tá»›i quÃ¡n lÃ m hÆ¡i cháº­m Ã¡. VÃ¬ khÃ¡ch order thÃ¬ má»›i náº¥u.",7.0
QuÃ¡n mÃ¬nh bá»¯a nay náº¥u áº¿ch chÃ¡n ghÃª. K Ä‘Æ°á»£c nhÆ° trÆ°á»›c ná»¯a. MÃ¬nh Äƒn hÃ´m thÃ¬ bá»‹ khÃ©t hÃ´m thÃ¬ quÃ¡ máº·n. Bá»¯a thÃ´ng cáº£m cho cÃ¡c e nv rá»“i nhÆ°ng váº«n bá»‹ láº·p láº¡i. MÃ¬nh bá» tiá»n ra Äƒn mÃ³n Äƒn ngon chá»© cÃ³ pháº£i lÃ  Ä‘á»ƒ Äƒn nhá»¯ng cÃ¡i nhÆ° tháº¿ Ä‘Ã¢u. NhÃ¢n viÃªn thÃ¬ pvu nhÆ° kiá»ƒu cháº¢ muá»‘n pvu. Nc mÃ¬nh tháº¥t vÃ²ng vá» quÃ¡n quÃ¡ nhiá»u,3.6
MÃ³n chÃ¡o áº¿ch Äƒn ráº¥t ngon. á» Ä‘Ã¢y cÃ²n cÃ³ kÃ¨m Ä‘á»“ Äƒn váº·t cÅ©ng ngon khÃ´ng kÃ©m nÃ¨ )) nÆ°á»›c uá»‘ng thÃ¬ mÃ¬nh thÃ­ch nÆ°á»›c nha Ä‘am nhÃ¡ ^^ uá»‘ng má»™t ly Ä‘áº§y ngon cá»±c ))) sáº½ Ä‘áº¿n Ä‘Ã¢y nhiá»u láº§n ná»¯a.,8.4
"TrÆ°a Ä‘Ã³i bá»¥ng ghÃ© ngang qua Ä‘Ã¢y tháº¥y quÃ¡n sáº¡ch sáº½ nÃªn ghÃ© vÃ´.
Tháº¥y báº¿p má»Ÿ sáº¡ch sáº½ náº¥u ngay táº¡i chá»— lÃ  tháº¥y zui rá»“i.
Äá»“ Äƒn á»Ÿ Ä‘Ã¢y ngon, há»£p kháº©u vá»‹, nhÃ¢n viÃªn phá»¥c vá»¥ thÃ¢n thiá»‡n. CÃ³ dá»‹p láº¡i ghÃ© á»§ng há»™ tiáº¿p.
Nghe nÃ³i chÃ¡o áº¿ch Singapore á»Ÿ Ä‘Ã¢y ngon Ä‘á»ƒ bá»¯a mÃ´ ghÃ© láº¡i thá»­",7.8
CÆ¡m chiÃªn vá»›i Ä‘áº§y Ä‘á»§ xÃºc xÃ­ch. ca rá»‘t. báº¯p. gia vá»‹ vá»«a Äƒn. kÃ¨m 1 quáº£ trá»©ng á»‘p la vÃ  canh rau siÃªu ngon láº¡i ráº»,8.8
"MÃ¬nh Ä‘i du lá»‹ch ÄÃ  Náºµng nhÆ°ng Ä‘Ãªm Ä‘Ã³ mÆ°a nÃªn mÃ¬nh cÃ³ order delivery 2 pháº§n chÃ¡o áº¿ch nhÆ°ng do báº¡n trai mÃ¬nh khÃ´ng Äƒn Ä‘Æ°á»£c áº¿ch nÃªn chá»‰ Äƒn chÃ¡o tráº¯ng. MÃ¬nh Äƒn pháº§n áº¿ch vÃ  chÃ¡o thÃ¬ láº­p tá»©c sau Ä‘Ã³ mÃ¬nh cá»±c kÃ¬ Ä‘au bá»¥ng vÃ  bá»‹ tiÃªu cháº£y suá»‘t máº¥y ngÃ y liá»n, toÃ n bá»™ chuyáº¿n Ä‘i cá»§a mÃ¬nh pháº£i cancel háº¿t! Báº¡n trai mÃ¬nh chá»‰ Äƒn chÃ¡o tráº¯ng nÃªn khÃ´ng bá»‹ Ä‘au bá»¥ng. Váº¥n Ä‘á» máº¥t vá»‡ sinh á»Ÿ Ä‘Ã¢y lÃ  cá»§a pháº§n áº¿ch. Máº·c dÃ¹ mÃ³n Äƒn ráº¥t ngon nhÆ°ng tháº­t sá»± vá»‡ sinh cá»§a quÃ¡n pháº£i coi láº¡i Ä‘á»ƒ trÃ¡nh ngá»™ Ä‘á»™c thá»±c pháº©m cho khÃ¡ch!",4.2
"Thá»i tiáº¿t báº¯t Ä‘áº§u trá»Ÿ láº¡nh rá»“i, bá»¯a trÆ°a mÃ¬nh hay á»Ÿ vÄƒn phÃ²ng nÃªn hay oder Ä‘á»“ Äƒn vá».
Láº¡nh láº¡nh thÃ¨m Äƒn cÃ¡i gÃ¬ Ä‘Ã³ nÃ³ng nÃ³ng, nÃªn nghÄ© ra quÃ¡n nÃ y.
Ship qua deliverynow, cáº§m pháº§n chÃ¡o trÃªn tay mÃ  cÃ²n nÃ³ng há»•i luÃ´n áº¥y.
Pháº§n áº¿ch ngon thÆ¡m. Tuyá»‡t!",8.2
TÃ¬nh cá» ghÃ© ngang nÃªn vÃ o thá»­. áº¾ch á»Ÿ Ä‘Ã¢y Ä‘c kho khÃ¡ lÃ  vá»«a miá»‡ng. Ngon. Äá»u áº¿ch hÆ¡i nhá» .mÃ¬nh Äƒn pháº§n hai áº¿ch nhá» mÃ  70k 1 pháº§n khÃ¡ lÃ  máº¯c. NhÃ¢n viÃªn phá»¥c vá»¥ tá»‘t.,7.8
"MÃ¬nh hay Ä‘áº·t ship chÃ¡o áº¿ch á»Ÿ Ä‘Ã¢y, pháº£i nÃ³i lÃ  mÃ¬nh ráº¥t thÃ­ch vá»‹ chÃ¡o áº¿ch á»Ÿ Ä‘Ã¢y (ngon tuyá»‡t) :v. NhÆ°ng mÃ  khÃ´ng hiá»ƒu sao giao Ä‘Ãºng yÃªu cáº§u cÃ³ mÃ  sai yÃªu cáº§u cÅ©ng cÃ³ :v. NhÆ° láº§n trÆ°á»›c mÃ¬nh Ä‘áº·t chÃ¡o hÆ°Æ¡ng hÃ nh thÃ¬ láº¡i giao chÃ¡o hÆ°Æ¡ng lÃ¡ dá»©a (mÃ¬nh ko chá»¥p láº¡i, nÃ³i chung lÃ  Äƒn táº¡m vÃ¬ mÃ¬nh cÅ©ng dá»… Äƒn :v). CÃ³ láº§n thÃ¬ mÃ¬nh Ä‘áº·t 3 pháº§n áº¿ch vá»›i thÃªm 2 chÃ¡o, cÃ³ nghÄ©a lÃ  ngoÃ i 1 pháº§n chÃ¡o sáºµn cá»™ng 2 chÃ¡o thÃªm thÃ¬ 3 chÃ¡o má»›i Ä‘Ãºng (nhÆ°ng giao chá»‰ cÃ³ 2 chÃ¡o :v). Láº§n nÃ y mÃ¬nh cÅ©ng vá»«a Ä‘áº·t chÃ¡o hÆ°Æ¡ng hÃ nh, nhÆ°ng láº¡i giao chÃ¡o tráº¯ng huhu (láº§n nÃ y cÃ³ chá»¥p áº£nh láº¡i ._.). Chá»‰ mong quÃ¡n rÃºt kinh nghiá»‡m :""))",9.6
"HÃ´m trÆ°á»›c Ä‘á»c bÃ i giá»›i thiá»‡u trÃªn foody nÃªn mÃ¬nh sang thá»­ liá»n. QuÃ¡n dá»… tÃ¬m. MÃ¬nh Ä‘i má»™t mÃ¬nh nÃªn gá»i pháº§n áº¿ch 1 con thÃ´i. MÃ¬nh tÆ°á»Ÿng sáº½ Ä‘á»£i lÃ¢u nhÆ°ng tháº­t ra nhanh láº¯m. áº¾ch ngon cá»±c kÃ¬ luÃ´n. Chá»‰ cÃ³ nÆ°á»›c thÃ¬ giÃ¡ hÆ¡i cao, má»™t ly Ã©p cÃ³c táº­n 20k mÃ  cÃ¡i ly cÅ©ng nhá» chá»© khÃ´ng to ná»¯a :< HÃ´m sau mÃ¬nh gá»i Delivery Now thÃ¬ thÃªm má»™t á»• bÃ¡nh mÃ¬. Pháº£i nÃ³i lÃ  trá»i mÆ°a mÃ  cÃ³ áº¿ch cháº¥m bÃ¡nh má»³ vá»‹ cay cay thÃ¬ bÃ¡ chÃ¡y. Highly recommend vá»›i táº¥t cáº£ má»i ngÆ°á»i ğŸ˜€",7.4
"Tháº¥y deli giáº£m 15% nÃªn mÃ¬nh order vá» Äƒn. QuÃ¡n nÃ y ná»•i tiáº¿ng vs mÃ³n chÃ¡o áº¿ch Xingapo cÆ¡ mÃ  mÃ¬nh k order vÃ¬ Ä‘ang thÃ¨m bÃ² nÃ©. MÃ¬nh gá»i pháº§n bÃ² nÃ© Ä‘áº·c biá»‡t 40k vÃ  gá»i thÃªm 1 á»• bÃ¡nh mÃ¬ ná»¯a. BÃ¬nh thÆ°á»ng mÃ¬nh hay Äƒn lÃ  bÃ² nÃ© vs bÃ¡nh mÃ¬ lÃ  combo rá»“i mÃ  quÃ¡n nÃ y pháº§n bÃ² nÃ© riÃªng vÃ  pháº£i gá»i thÃªm bÃ¡nh mÃ¬. MÃ¬nh k biáº¿t lÃ  nhÃ¢n viÃªn quÃªn bá» bÃ¡nh mÃ¬ hay lÃ  bÃ² nÃ© thÃ¬ chá»‰ cÃ³ bÃ² thoai chá»© k cÃ³ bÃ¡nh mÃ¬. May mÃ  mÃ¬nh order bÃ¡nh mÃ¬ thÃªm má»›i cÃ³ Äƒn chá»© k lÃ  k cÃ³ mÃ  cháº¥m rá»“i
BÃ² nÃ© bÃ¬nh thÆ°á»ng, k ngon láº¯m, bÃ² dai",7.2
"TrÆ°a lÆ°á»i mang cÆ¡m nÃªn gá»i anh ngÆ°á»i yÃªu qua chá»Ÿ Ä‘i Äƒn Ã½, mÃ¬nh gá»i phÃ¢n feechs bá»± ba con Äƒn Ä‘Ã£ láº¯m, mÃ  bÃªn nÃ y cÃ³ gá»i Ãªch smaays con cÅ©ng chri cho 1 tÃ´ chÃ¡o thÃ´i, tÃ´ cÃ²n láº¡i pháº£i tá»± tráº£ tiÃªn )))",6.8
"HÃ´m bá»¯a mÃ¬nh tháº¥y bÃªn Ä‘Ã¢y cÃ³ ct khuyáº¿n mÃ£i, láº­t Ä‘áº­t phi qua ngay mÃ  ko chÃº Ã½ lÃ  ct nÃ y pháº£i zÃ´ inbox láº¥y code hehe.
ThÃ´i lá»¡ rá»“i chÆ¡i tá»›i luÃ´n vÃ¬ tÃ­nh ra chÃ¡o áº¿ch chá»— nÃ y ngon chá»›. áº¾ch kho tháº¥m thÃ¡p, Äƒn xong cÃ¡i miá»‡ng mÃ¬nh chanh bÃ nh vÃ¬ cay nÃ³ng Ä‘Ã£ Ä‘Ã£.
CÃ³ Ä‘iá»u z0oo háº¿t chá»—, nv chá»‰ ra khu phÃ­a sau. Ngá»“i ngay lÃ  cÃ¡i cá»­a nhÃ  vá»‡ sinh,. Chá»— nÃ y mÃ¬nh tháº¥y hÆ¡i ká»³ ká»³ vÃ  khÃ³ chá»‹u láº¯m Ã½. Ai láº¡i Ä‘á»ƒ khu Äƒn vÃ  nhÃ  vá»‡ sinh sÃ¡t ráº¡t nhau tháº¿ kia.
Pháº§n mÃ¬nh gá»i 1 chÃ¡o áº¿ch lÃ¡ dá»©a. NhÆ°ng thá»‘ áº¿ch Ä‘áº§u tiÃªn ÃT 1 cÃ¡ch quÃ¡ Ä‘Ã¡ng lun. NhÃ¬n lÃ  biáº¿t Äƒn ko Ä‘á»§ rá»“i nÃªn mÃ¬nh pháº£i gá»i thÃªm 1 thá»‘ ná»¯a Ä‘á»ƒ Äƒn háº¿t tÃ´ chÃ¡o. CÃ¡i thá»‘ sau thÃ¬ láº¡i ráº¥t Ä‘áº§y Ä‘áº·n. Ko biáº¿t chá»— nÃ y canh liá»u lÆ°á»£ng kiá»ƒu gÃ¬.
QuÃ¡n lÃ m hÆ¡i lÃ¢u, cháº¯c do pháº£i rim áº¿ch cho tháº¥m.
GiÃ¡ thÃ¬ hÆ¡i cao hÃ¬nh nhÆ° pháº§n 4, 50k chi láº­n. Ä‚n thÃªm 1 thá»‘ thÃ¬ tÃ­nh thÃªm 35k.",6.6
"Buá»•i trá»i mÆ°a phÃ¹n máº¡nh tÃª tÃ¡i, dÃ¢n vÄƒn phÃ²ng Ä‘a pháº§n lÆ°á»i Ä‘i Äƒn xa, mÃ¬nh cÅ©ng khÃ´ng ngoáº¡i lá»‡. TÃ¬m Ä‘á»‹a Ä‘iá»ƒm xung quanh tháº¥y cÃ³ chá»— ni menu cÃ³ mÃ³n cÆ¡m thá»‹t kho ruá»‘c ngÅ© quáº£, Ä‘Ãºng há»£p lÃ½ vá»›i thá»i tiáº¿t tháº¿ nÃ y.
QuÃ¡n sáº¡ch sáº½, vá»‡ sinh, chá»§ yáº¿u dÃ¢n vÄƒn phÃ²ng nhÆ° mÃ¬nh. NhÃ¢n viÃªn phá»¥c thÃ¢n thiá»‡n dá»… máº¿n.
CÆ¡m ngon vÃ¬ Ä‘Æ¡n giáº£n lÃ  gáº¡o ngon. NgÅ© quáº£ thÃ¬ luá»™c táº¡i chá»—, nÃªn lÃºc Äƒn váº«n áº¥m, thá»‹t kho ruá»‘c tháº¥m thÃ¡p, Ä‘áº­m Ä‘Ã . MÃ¬nh pháº£i xin Ä‘Ä©a cÆ¡m thÃªm ná»¯a Äƒn háº¿t thá»©c Äƒn. CÆ¡ báº£n lÃ  no vÃ  há»£p tÃºi tiá»n.",7.8
"Trá»i láº¡nh mÆ°a táº§m tÃ£ tháº¿ nÃ o ngá»“i Äƒn tÃ´ chÃ¡o áº¿ch Ä‘áº­m Ä‘Ã  tháº¿ nÃ y thÃ¬ trÃªn cáº£ tuyá»‡t vá»i.
Gia vá»‹ thÆ¡m ngon Ä‘Ã£ láº¯m, áº¿ch thÃ¬ khÃ¡ nhiá»u cháº¯c vÃ¬ mÃ¬nh gá»i tÃ´ lá»›n.
BÃ£i giá»¯ xe hÆ¡i chÃ¡n khÃ´ng ai dáº¯t phá»¥ háº¿t cáº£.",8.0
"Gáº§n Ä‘Ã¢y mÃ¬nh má»›i biáº¿t cÃ³ thÃªm quÃ¡n chÃ¡o áº¿ch Sing nÃªn rá»§ bb cÃ¹ng Ä‘i Äƒn thá»­ gá»i luÃ´n pháº§n 3 áº¿ch lá»›n 120k. CÃ¡i hay á»Ÿ quÃ¡n Ä‘Ã³ lÃ  order xong má»›i náº¥u, k gian báº¿p má»Ÿ, cÃ³ thá»ƒ xem cÃ¡c báº¡n náº¥u ngay táº¡i báº¿p, bÆ°ng ra Äƒn nÃ³ng há»•i. Nháº¥t lÃ  vÃ o thá»i tiáº¿t mÆ°a láº¡nh nÃ y. ÄÃºng chuáº©n cá»±c. áº¾ch vÃ¬ pháº£i Ä‘á»£i keo nÃªn Ä‘á»£i hÆ¡i lÃ¢u xÃ­, nhÆ°ng cháº¥t lÆ°á»£ng láº¡i ráº¥t Ä‘áº£m báº£o. NhÆ° tháº¿ cÅ©ng ráº¥t xá»©ng Ä‘Ã¡ng cho sá»± chá» Ä‘á»£i. Äáº·c biá»‡t quÃ¡n mÃ¬nh nv Ä‘áº·c biá»‡t cá»±c thÃ¢n thiá»‡n luÃ´n. Ráº¥t vui váº». MÃ¬nh Ä‘i Äƒn tháº¥y ráº¥t Ã­t quÃ¡n há»i khÃ¡ch Äƒn cÃ³ ngon miá»‡ng k? NhÆ°ng tháº¥y quÃ¡n lÃºc tÃ­nh tiá»n bÃ© Ä‘Ã³ cÃ²n táº·ng thÃªm cho mÃ¬nh vá»›i báº¡n vÃ i lá»i há»i thÄƒm. Cáº£m tháº¥y cÃ¡ch phá»¥c vá»¥ cá»§a quÃ¡n ráº¥t hÃ i lÃ²ng. Äáº£m báº£o mÃ¬nh sáº½ quay láº¡y vÃ  giá»›i thiá»‡u vá» quÃ¡n cho má»i ng cÃ¹ng tá»›i Ä‘Ã¢y. Ã€ vá»›i thÃªm khÃ´ng gian quÃ¡n hÆ¡i nhá», cáº§n má»Ÿ rá»™ng thÃªm cho thoÃ¡ng :)",5.8
"MÃ¬nh hay Äƒn á»Ÿ Äáº·ng Thai Mai, diá»‡n tÃ­ch khÃ´ng rá»™ng láº¯m. ChÃ¡o áº¿ch ráº¥t ngon, nhiá»u hÆ°Æ¡ng vá»‹, nhiá»u chá»n lá»±a phÃ¹ há»£p cho cáº£ gia Ä‘Ã¬nh. NhÃ¢n viÃªn phá»¥c vá»¥ lá»‹ch sá»±.
NÃªn bá»• sung thÃªm 1 sá»‘ loáº¡i chÃ¡o khÃ¡c nhÆ° (cháº£, bÃ², ...) vÃ¬ cÃ³ nhiá»u ngÆ°á»i khÃ´ng Äƒn Ä‘Æ°á»£c áº¿ch. NÃªn bá»• sung thÃªm menu nÆ°á»›c (hiá»‡n Ä‘Ã£ cÃ³ nhÆ°ng Ã­t loáº¡i)
NÃ³i chung, náº¿u muá»‘n thÆ°á»Ÿng thá»©c chÃ¡o áº¿ch, hÃ£y Ä‘áº¿n Ä‘Ã¢y.",8.8
"ChÃ¡o áº¿ch á»Ÿ Ä‘Ã¢y thÃ¬ vá»›i mÃ¬nh lÃ  sá»‘ má»™t á»Ÿ ÄÃ  Náºµng rá»“i. á» Ä‘Ã¢y báº¿p má»Ÿ nÃªn ráº¥t yÃªn tÃ¢m vá» cháº¥t lÆ°á»£ng mÃ³n Äƒn, nguyÃªn liá»‡u thá»±c pháº©m thÃ¬ tÆ°Æ¡i vÃ  sáº¡ch. Phá»¥c vá»¥ thÃ¬ máº¥y báº¡n tráº» nhÆ°ng nhiá»‡t tÃ¬nh. HÃ´m bá»¯a mÃ¬nh ghÃ© thÃ¬ quÃ¡n cÃ³ bÃ¡n cÆ¡m gÃ  Ä‘á»ƒ thá»±c khÃ¡ch thÃªm sá»± lá»±a chá»n. Trá»i mÆ°a xÃ­ quÃ¡n lÃ m thÃªm cÆ¡m thá»‹t kho ruá»‘c vá»›i ngÅ© qua ná»¯a ah.
ChÃ¡o áº¿ch á»Ÿ Ä‘Ã¢y cÃ³ nhiá»u sá»± chá»n lá»±a tá»« vá»‹ chÃ¡o Ä‘áº¿n sá»‘ lÆ°á»£ng áº¿ch.
QuÃ¡n cá»© giá»¯ cháº¥t lÆ°á»£ng vÃ  phá»¥c vá»¥ tá»‘t thÃ¬ mÃ¬nh cá»© á»§ng há»™ quÃ¡n Ä‘á»u Ä‘á»u.",8.2
"Tháº¥y quÃ¡n Ä‘Æ°á»£c nhiá»u ngÆ°á»i review nháº¥t lÃ  quÃ¡n nÃ y nÃªn Ä‘áº¿n Äƒn thá»­. Äá»‹a Ä‘iá»ƒm quÃ¡n dá»… tÃ¬m, nhÆ°ng khÃ´ng gian quÃ¡n hÆ¡i nhá». QuÃ¡n ngoÃ i bÃ¡n chÃ¡o áº¿ch thÃ¬ cÃ²n bÃ¡n nhiá»u mÃ³n Äƒn váº·t khÃ¡c.
 Order: 1 thá»‘ áº¿ch nhá» vá»‹ sa táº¿, 1 thá»‘ áº¿ch lá»›n vá»‹ Singapore, 2 tÃ´ chÃ¡o chan nÆ°á»›c lÃ¡ dá»©a, 1 ly cÃ³c vÃ  1 ly rau mÃ¡. 
Review: áº¾ch Äƒn khÃ¡ tháº¥m vÃ  ngon. Äáº·c biá»‡t vá»‹ sate cay tÃ©t má»“m. NhÆ°ng áº¿ch khÃ¡ Ã­t so vá»›i tÃ´ chÃ¡o nÃªn pháº£i con rÆ°á»¡i má»›i Ä‘á»§ tÃ´ chÃ¡o. NÆ°á»›c rau mÃ¡ ngá»t quÃ¡.",7.2
"Láº§n thá»© 2 review cho quÃ¡n.
Ráº¥t thÃ­ch Äƒn chÃ¡o áº¿ch á»Ÿ Ä‘Ã¢y. DÃ¹ giÃ¡ hÆ¡i cao má»™t xÃ­u. NhÆ°ng 2, 3 láº§n gáº§n Ä‘Ã¢y nháº¥t tá»›i Äƒn thÃ¬ cáº£m tháº¥y áº¿ch Ã­t Ä‘i háº³n. HÃ´m kia thÃ¬ vá»«a Ã­t vá»«a bÃ©, mÃ  náº¥u cÅ©ng chÆ°a tháº¥m ná»¯a...",7.2
"ÄÆ°á»£c bá»¯a foody giáº£m 30% nÃªn mÃ¬nh má»›i Ä‘áº·t vÃ¬ giÃ¡ thÃ nh cÅ©ng khÃ¡ lÃ  cao. áº¾ch thÃ¬ ngon nhÆ°ng Ä‘iá»u mÃ¬nh k hÃ i lÃ²ng lÃ  giao sai Ä‘Æ¡n hÃ ng mÃ¬nh muá»‘n Ä‘áº·t. MÃ¬nh Ä‘áº·t pháº§n 3 ngÆ°á»i nhÆ°ng khi nháº­n hÃ ng thÃ¬ chá»‰ cÃ³ pháº§n cho 1 ngÆ°á»i mÃ  thu tiá»n lÃ  90k?? Trong khi Ä‘Æ¡n xÃ¡c nháº­n lÃ  95k k biáº¿t lÃ  lá»—i bÃªn foody hay bÃªn quÃ¡n??
MÃ¬nh Äƒn háº¹ k Ä‘Æ°á»£c nÃªn Ä‘áº·t pháº§n chÃ¡o lÃ  tá»i phi nhÆ°ng khi nháº­n láº¡i lÃ  háº¹. Tháº¥t vá»ng tháº­t!! Pháº§n áº¿ch cÅ©ng Ã­t cho 1 Ä‘Å©a 1 muá»—ng lÃ  biáº¿t cho 1 ngÆ°á»i rá»“i. ğŸ˜­ğŸ˜­Kiá»ƒu nhÆ° bá»‹ cho Äƒn quáº£ lá»«a áº¥y ğŸ˜­ğŸ˜­",5.8
"LÃ¢u rá»“i khÃ´ng Äƒn chÃ¡o áº¿ch láº¡i nÃªn cÅ©ng khÃ¡ lÃ  thÃ¨m. HÃ´m nay sáºµn tiá»‡n khÃ´ng mang cÆ¡m nÃªn gá»i Delivery giao vá» Äƒn cho khoáº». QuÃ¡n nÃ y náº±m gáº§n cÃ´ng ty mÃ¬nh lÃ m nÃªn phÃ­ ship cÅ©ng ráº». MÃ¬nh Ä‘áº·t pháº§n chÃ¡o áº¿ch khá»•ng lá»“, hihi, sá»£ chiá»u Ä‘Ã³i bá»¥ng nÃªn gá»i thÃªm pháº§n chÃ¡o thÃªm. Tháº¿ mÃ  Äƒn khÃ¡ no Ä‘áº¥y áº¡, áº¿ch nhiá»u, kho khÃ¡ lÃ  tháº¥m gia vá»‹, chÃ¡o náº¥u khÃ¡ lÃ  nhuyá»…n nÃªn mÃ¬nh ráº¥t thÃ­ch. vá»«a Äƒn vá»«a hÃ­t hÃ  tháº­t háº¥p dáº«n. GiÃ¡ thÃ¬ cÅ©ng khÃ¡ cao nhÆ°ng lÃ¢u lÃ¢u Äƒn cÅ©ng ok Ä‘Ã³, hihi",7.6
"MÃ¬nh vÃ  báº¡n mÃ¬nh lÃ  hai khÃ¡ch Ä‘áº¿n Äƒn thÆ°á»ng xuyÃªn á»Ÿ quÃ¡n. MÃ¬nh ráº¥t áº¥n tÆ°á»£ng vá» cháº¥t lÆ°á»£ng Ä‘á»“ Äƒn táº¡i Ä‘Ã¢y. Thá»‹t áº¿ch ráº¥t tháº¥m sá»‘t ngon. Äá»“ Äƒn váº·t máº·c dÃ¹ lag mÃ³n phá»¥ nhÆ°ng cÅ©ng ngon ko kÃ©m. NhÆ°ng hÃ´m nay ghÃ© láº¡i quÃ¡n thÃ¬ mÃ¬nh hÆ¡i buá»“n vÃ¬ thá»‹t áº¿ch chÆ°a Ä‘Æ°á»£c tháº¥m gia vá»‹ láº¯m. CÃ²n vá» nem chua hÃ´m nay cá»±c tá»‡, nem cá»©ng Äƒn nghe mÃ¹i bá»™t nhiá»u láº¯m. CÃ²n láº¡i thÃ¬ nhÃ¢n viÃªn váº«n nhiá»‡t tÃ¬nh nhÆ° má»i khi.",8.0
"ChÃ¡o áº¿ch bÃªn nÃ y khÃ¡ lÃ  ngon. áº¾ch náº¥u tháº¥m, pháº§n sá»‘t cháº¥m bÃ¡nh mÃ¬ thfi khá»i nÃ³i. QuÃ¡n sáº¡ch sáº½. Nay cÃ³ bÃ¡n thÃªm cÆ¡m vÃ  nÆ°á»›c Ã©p ná»¯a
Pháº§n chÃ¡o nÃ y Äƒn k no pháº£i gá»i thÃªm 1 á»• bÃ¡nh mÃ¹ cháº¥m
Thá»‹t áº¿ch má»m",8.2
"LÃ¢u ngÃ y Äƒn láº¡i quÃ¡n. Cháº¥t lÆ°á»£ng váº«n váº­y. QuÃ¡n Ä‘á»•i tÃªn má»›i roÃ i. ThÃªm mÃ³n cÆ¡m ná»¯a. Pháº§n áº¿ch cháº¥m bÃ¡nh mÃ¬ khÃ¡ ok
Cay cay Äƒn tháº¥m
KhÃ´ng gian sáº¡ch sáº½
CÃ³ nÆ°á»›c nha Ä‘am vs máº¥y loáº¡i khÃ¡c ná»¯a
GÃ³p Ã½ quÃ¡n nÃªn sá»­a láº¡i WC cho ok",7.8
"KhÃ´ng biáº¿t Äƒn gi nÃªn lÃªn sá»£t foody tháº¥y quÃ¡n chÃ¡o áº¿ch nÃ y. Tháº¿ lÃ  2 Ä‘á»©a quyáº¿t Ä‘á»‹nh Ä‘i Äƒn thá»­. KhÃ´ng gian khÃ¡ háº¹p mÃ  quÃ¡n lÃºc Ä‘Ã³ cÅ©ng Ä‘Ã´ng. MÃ¬nh ngá»“i ngay gáº§n cÃ¡i quáº¡t nÃªn giÃ³ cÆ° háº¥t vÃ o ngÆ°á»i mÃ  trá»i ráº¥t nÃ³ng nÆ°c khÃ³ chá»‹u. Äá»“ Äƒn ra hÆ¡i lÃ¢u nhÆ°ng bÃ¹ láº¡i áº¿ch lÃ m ráº¥t tháº¯m ngon, chÃ¡o má»‹n . KÃªu tÃ´ nhá» thÃ´i mÃ  Äƒn Ä‘Ã£ tháº¥y no rá»“i. ğŸ˜‚. Náº¿u chÃ¡n cÆ¡m ra Ä‘Ã¢y Äƒn cÅ©ng Ä‘c . NhÃ¢n viÃªn phá»¥c vá»¥ ok",8.0
"Má»—i khi ngÃ¡n cÆ¡m thÃ¬ cÅ©ng hay ghÃ© quÃ¡n nÃ y Äƒn chÃ¡o áº¿ch nÃ¨. áº¾ch quÃ¡n lÃ m ráº¥t tháº¥m, cÃ³ thá»ƒ chá»n chÃ¡o hÃ nh phi, lÃ¡ dá»©a, tá»i. MÃ¬nh thÃ¬ hay Äƒn lÃ¡ dá»©a vÃ¬ thÆ¡m thÆ¡m dá»… Äƒn. 
QuÃ¡n cÃ³ bÃ¡n nÆ°á»›c nha Ä‘am uá»‘ng cÅ©ng ngon ná»¯a. Ä‚n buá»•i trÆ°a mÃ  uá»‘ng thÃªm chai ni ná»¯a thÃ¬ á»•n Ä‘inh luÃ´n :D
Ã€ quÃ¡n cÃ³ bÃ¡n thÃªm cÆ¡m gÃ  ná»¯a.
Phá»¥c vá»¥ cÅ©ng thÃ¢n thiá»‡n, nhanh nháº¹n.",8.4
"Tá»« há»“i biáº¿t Ä‘áº¿n quÃ¡n nÃ y lÃ  thÆ°á»ng xuyÃªn Ä‘áº¿n quÃ¡n luÃ´n. Gá»i lÃ  thÆ°á»ng xuyÃªn nhÆ°ng Ã­t thÃ¬ 1 thÃ¡ng, nhiá»u thÃ¬ tuáº§n nÃ o mÃ¬nh cÅ©ng ghÃ© qua.
áº¾ch náº¥u tháº¥m, nÆ°á»›c sá»‘t sá»‡t Äƒn cÃ¹ng chÃ¡o ráº¥t ngon, thÃªm chÃºt cay ná»¯a lÃ  tuyá»‡t. MÃ¬nh thÃ­ch Äƒn chÃ¡o hÃ nh, dá»©a hÆ¡i khÃ³ Äƒn, tá»i chÆ°a thá»­ bao giá». Äá»“ uá»‘ng á»Ÿ Ä‘Ã¢y bÃ¬nh thÆ°á»ng thÃ´i, tháº¥y trÃ  Ä‘Ã¡ lÃ  ngon nháº¥t rá»“i.
BÃªn Phan Tá»© Ä‘Ã³ng cá»­a nÃªn pháº£i qua Äáº·ng Thai Mai, á»Ÿ trong lá»‘i nÃªn khÃ³ tÃ¬m, há»“i Ä‘Ã³ mÃ¬nh search google nhÆ°ng mÃ  bá»‹ nháº§m, mÃ£i má»›i tÃ¬m Ä‘Æ°á»£c, huhu. KhÃ´ng gian trong nhÃ  hÆ¡i bÃ­. NhÃ¢n viÃªn toÃ n cÃ¡c báº¡n tráº» nhanh nháº¹n, nhÆ°ng mÃ¬nh cáº£m tÃ¬nh vá»›i máº¥y báº¡n nhÃ¢n viÃªn bÃªn Phan Tá»© há»“i trÆ°á»›c hÆ¡n :)) á» Ä‘Ã¢y order má»›i náº¥u nÃªn Ä‘á»£i hÆ¡i lÃ¢u, nhÆ°ng mÃ³n ngon nÃªn khÃ´ng thÃ nh váº¥n Ä‘á».
ThÃªm cÃ¡i ná»¯a lÃ  giÃ¡ hÆ¡i Ä‘áº¯t má»™t xÃ­u, 50k má»™t pháº§n áº¿ch lá»›n, áº¿ch nhá» 40k mÃ  cáº£m giÃ¡c nhá» quÃ¡. ThÃªm 10k gá»i áº¿ch lá»›n cho thoáº£i mÃ¡i.",7.6
"MÃ¬nh Ä‘áº¿n Äƒn má»™t láº§n rá»“i , láº§n Ä‘áº§u tiÃªn Äƒn mÃ³n chÃ¡o áº¿ch lÃ  á»Ÿ khÃ¡ch sáº¡n sÃ´ng Thu, Ä‘áº¯t thÃ´i rá»“i, qua Ä‘Ã¢y Ã¡n thÃ¬ pháº§n nhá» hÆ¡n nhÆ°ng vá»‹ cÅ©ng khÃ¡ ngon, áº¿ch tháº¥m thá»‹t tÆ°Æ¡i dai ngon, chÃ¡o vá»‹ lÃ¡ dá»©a hay tá»i lhi cÅ©ng ngon, da áº¿ch chiÃªn giÃ²n cÅ©ng ngon luÃ´n, cÃ²n nÆ°á»›c nha Ä‘am thÃ¬ bÃ¬nh thÆ°Æ¡ngf. QuÃ¡n sáº¡ch sáº½.",7.6
"Bá»¯a cháº¡y quanh quanh gáº§n cÃ´ng ty khÃ´ng biáº¿t kiáº¿m gÃ¬ Äƒn trÆ°a nÃªn ghÃ© Ä‘áº¡i vÃ o Ä‘Ã¢y Äƒn bÃ² nÃ©. Pháº§n cá»§a mÃ¬nh lÃ  bÃ² nÃ© náº¥m, mÃ¬nh khÃ´ng nhá»› rÃµ giÃ¡, hÃ¬nh nhÆ° 25k thÃ¬ pháº£i.
QuÃ¡n lÃ m nÃ³ng há»•i, vá»«a Äƒn, khÃ´ng cÃ³ pate nÃªn cÅ©ng Ä‘á»¡ ngÃ¡n. Phá»¥c vá»¥ nhanh nháº¹n, nhiá»‡t tÃ¬nh :))",8.0
"Má»—i khi tháº¥y ngÆ°á»i khÃ´ng khoáº», biáº¿ng Äƒn lÃ  mÃ¬nh hay qua Ä‘Ã¢y mua chÃ¡o vá» Äƒn. So vá»›i nhiá»u quÃ¡n chÃ¡o áº¿ch mÃ¬nh tá»«ng Äƒn thÃ¬ tháº¥y chá»— nÃ y á»•n Ä‘á»‹nh nháº¥t, vá»«a miá»‡ng nháº¥t nÃªn hay ghÃ© láº¡i. Má»™t pháº§n chÃ¡o áº¿ch má»™t con Äƒn vá»«a Ä‘á»§, áº¿ch tháº¥m, chÃ¡o náº¥u nhá»« nÃªn khi bá» áº¿ch vÃ o Äƒn chung lÃ  vá»«a miá»‡ng luÃ´n. Tuy nhiÃªn á»Ÿ Ä‘Ã¢y cÃ³ má»™t cÃ¡i chÆ°a thÃ­ch láº¯m lÃ  giÃ¡ hÆ¡i cao, 40k cho má»™t pháº§n thÃ¬ dÃ¹ thÃ­ch cÅ©ng chá»‰ dÃ¡m cÃ¢n nháº¯c thÃ´i. BÃªn nÃ y Ä‘Æ°á»£c cÃ¡i nhÃ¡n viÃªn phá»¥c vá»¥ cÅ©ng khÃ¡ á»•n, nhanh nháº¹n",7.4
"Tá»± nhiÃªn thÃ¨m chÃ¡o áº¿ch nÃªn ghÃ© qua Ä‘Ã¢y Äƒn luÃ´n vÃ¬ quÃ¡n gáº§n cÃ´ng ty. Pháº§n nÃ y cá»§a mÃ¬nh lÃ  chÃ¡o áº¿ch nhá», giÃ¡ 40k. ChÃ¡o ngon, áº¿ch cay tháº¥m vá»‹, cÃ³ Ä‘iá»u so vá»›i giÃ¡ nhÆ° váº­y thÃ¬ mÃ¬nh tháº¥y cÅ©ng hÆ¡i Ä‘áº¯t chÃºt. Cháº¯c lÃ¢u lÃ¢u má»›i dÃ¡m Äƒn láº§n thÃ´i :))
QuÃ¡n sáº¡ch sáº½, nhÃ¢n viÃªn phá»¥c vá»¥ táº­n tÃ¬nh.",8.0
Vá» cháº¥t lÆ°á»£ng thÃ¬ mÃ¬nh khÃ´ng bÃ n nhÆ°ng vá» nguá»“n nhÃ¢n ViÃªn quÃ¡n nÃªn bá»• sung vÃ  cho ngÆ°á»i cáº§m Ä‘iá»‡n thoáº¡i cÃ³ kinh nghiá»‡m Ä‘á»ƒ order. MÃ¬nh lÃ  ngÆ°á»i Äƒn thÆ°á»ng xuyÃªn Ä‘á»‹a chá»‰ khÃ´ng quÃ¡ xa quÃ¡n mÃ  order nhÃ¢n viÃªn láº¡i quáº±n khÃ´ng cÃ³ nhÃ¢n ViÃªn Ä‘Ã£ giáº£i thÃ­ch cÃ²n khÃ´ng hiá»ƒu. QuÃ¡n ngon thÃ¬ cÃ³ cáº£ trÄƒm quÃ¡n mÃ  ngÆ°á»i t Äƒn uá»‘ng chá»‰ quan trá»ng cÃ¡ch phá»¥c vá»¥ thÃ´i. GiÃ¡ Ä‘Ã³ khÃ¡ cao há» bá» tiá»n Ä‘á»ƒ mua sá»± phá»¥c vá»¥ quÃ¡n báº¡n chá»© khÃ´ng chá»‰ thá»©c Äƒn.,2.2
"Má»™t pháº§n chÃ¡o áº¿ch tÄƒng cá»§a ngta 20% mÃ  bá» cÃ³ ná»­a con áº¿ch! CÃ¡c em lÃ m Äƒn cáº©u tháº£ váº­y lÃ  ko Ä‘Æ°á»£c. 
TÃ´i cháº¥p nháº­n tÄƒng lÃªn, nhÆ°ng pháº£i lÃ m sao cho nÃ³ xá»©ng Ä‘Ã¡ng! QuÃ¡ tá»‡!",1.0
"Máº¥y ngÃ y thÃ¨m cay lÃ  mÃ¬nh order chÃ¡o áº¿ch bÃªn nÃ y .Tá»± dÆ°ng thÃ¨m phong long záº­y Ä‘Ã³.
Order 1 pháº§n 1 con áº¿ch nhá» lÃ  40k. Theo mÃ¬nh tháº¥y thÃ¬ giÃ¡ khÃ¡ cao, khÃ³ Äƒn thÆ°á»ng xuyÃªn Ä‘Æ°á»£c.
MÃ  bá»¯a Ä‘Ã³ Äƒn trÃºng con áº¿ch nhá» náº¥u tháº¥m láº¯m, Äƒn cay cay mÃ  Ä‘áº­m Ä‘Ã£ dÃ£ man.
NÃªn bá»¯a sau láº¡i tiáº¿p tá»¥c mua Äƒn, mÃ  ham há»‘ mua pháº§n 50k lun. áº¾ch to láº¯m, nhÆ°ng vÃ¬ to, thá»‹t dÃ y nÃªn áº¿ch rim chÆ°a cÃ³ tháº¥m, Äƒn ko ngon vá»›i cÃ³ cáº£m giÃ¡c nhiá»u. NÃªn Äƒn xong pháº§n lá»›n lÃ  bá» luÃ´n cÆ¡n nghiá»‡n chÃ¡o áº¿ch bÃªn nÃ y.
GiÃ¡ cao quÃ¡, cao quÃ¡! Ráº» ráº» xÃ­u thÃ¬ Ä‘Æ°á»£c.
Giao hÃ ng nhanh nháº¹n, dá»… thÆ°Æ¡ng.",6.6
"MÃ¬nh cÃ³ ghÃ© thá»­ 2 láº§n Ä‘á»ƒ thÆ°á»Ÿng thá»©c 2 mÃ³n chÃ¡o áº¿ch vÃ  bÃ² nÃ©.
 
NÃ³i vá» mÃ³n chÃ¡o áº¿ch : khÃ´ng cÃ³ gÃ¬ Ä‘áº·c sáº¯c, chÃ¡o khÃ´ng thÆ¡m, áº¿ch siÃªu tÃ­ hon, hÆ°Æ¡ng vá»‹ ráº¥t Ä‘á»—i bÃ¬nh thÆ°á»ng. MÃ³n nÃ y giÃ¡ 40k lÃ  quÃ¡ Ä‘áº¯t. 

BÃ² nÃ© : trung bÃ¬nh, Ä‘iá»ƒm tá»‘t lÃ  khÃ´ng dÃ¹ng dáº§u khi náº¥u nÃªn yÃªn tÃ¢m lÃ  gáº·p pháº£i dáº§u báº©n. á» Ä‘Ã¢y sá»§ dá»¥ng bÆ¡ tÆ°á»ng an Ä‘á»ƒ lÃ m mÃ³n nÃ y. MÃ¹i vá»‹ á»Ÿ má»©c trung bÃ¬nh, giá»‘ng nhÆ° cÃ¡ch lÃ m cá»§a máº¥y cÃ´ vá»£ tráº» má»›i láº­p gia Ä‘Ã¬nh chá»© mang ra kinh doanh thÃ¬ chÆ°a Ä‘áº¡t. 

NÆ°á»›c nha Ä‘am : tháº¥y quáº£ng cÃ¡o 1 cÃ¡ch quÃ¡ lá»‘ so vá»›i cháº¥t lÆ°á»£ng tháº­t sá»± pháº£i nÃ³i lÃ  nÃ³ Ä‘á»‰nh cá»§a dá»¡ tá»‡, nháº¡t nháº½o khÃ´ng tháº¥y nha Ä‘am Ä‘Ã¢u, nghe vá»‹ toÃ n mÃ¹i chai nhá»±a ráº» tiá»n ( mÃ¬nh gá»i chai nhá»±a) , khÃ´ng dÃ¡m uá»‘ng háº¿t pháº£i bá» láº¡i 

Vá»‡ sinh khÃ´ng tá»‘t, ruá»“i bay tá»© tung kháº¯p nÆ¡i 

Äiá»ƒm cá»™ng lÃ  nhÃ¢n viÃªn khÃ¡ thÃ¢n thiá»‡n",4.2
"MiÌ€nh Ä‘i Äƒn vaÌ€o buÃ´Ì‰i trÆ°a nÄƒÌng noÌng, viÌ€ theÌ€m cay nÃªn Ä‘i Äƒn thÃ´i. VaÌ€o quaÌn khÃ´ng gian hÆ¡i nhoÌ‰ maÌ€ bÃªÌp thiÌ€ khÃ´ng coÌ phoÌ€ng bÃªÌp riÃªng hay ngÄƒn caÌch nÃªn quaÌn rÃ¢Ìt noÌng, chiÌ‰ coÌ quaÌ£t thÃ´i khÃ´ng Ä‘uÌ‰ maÌt, Ä‘Æ°Æ¡Ì£c caÌi bÆ°Æ¡Ìc vaÌ€o quaÌn ngÆ°Ì‰i Ä‘Æ°Æ¡Ì£c muÌ€i ÃªÌch laÌ€ theÌ€m ngay )) vaÌ€ quaÌn laÌ£i rÃ¢Ìt saÌ£ch seÌƒ. ÃŠÌch kho cay lÄƒÌm nÃªn Äƒn keÌ€m vÆ¡Ìi chaÌo laÌ€ Ä‘uÌng baÌ€i, Äƒn rÃ¢Ìt laÌ€ vÆ°Ì€a miÃªÌ£ng luÃ´n, hiÌ€nh nhÆ° quaÌn coÌ baÌn baÌnh miÌ€, chÄƒÌm vÆ¡Ìi nÆ°Æ¡Ìc ÃªÌch cuÌƒng rÃ¢Ìt ngon. MÃ´Ì£t phÃ¢Ì€n nhoÌ‰ laÌ€ 35k, khÃ´ng reÌ‰ cuÌƒng khÃ´ng Ä‘ÄƒÌt, chiÌ‰ laÌ€ khÃ´ng hÆ¡Ì£p vÆ¡Ìi tuÌi tiÃªÌ€n cuÌ‰a sinh viÃªn Ä‘ÃªÌ‰ Äƒn nhiÃªÌ€u lÃ¢Ì€n thÃ´i.",8.2
"KhÃ´ng gian: trang trÃ­ Ä‘Æ¡n giáº£n, khÃ¡ thoÃ¡ng.
Phá»¥c vá»¥: dá»… thÆ°Æ¡ng, nhiá»‡t tÃ¬nh
MÃ³n Äƒn: vá»‹ thÃ¬ mÃ¬nh tháº¥y k ngon láº¯m, táº¡m á»•n.",6.4
"Hay Ä‘i Äƒn chÃ¡o áº¿ch á»Ÿ háº£i phÃ²ng mÃ  hÃ³ng foody tháº¥y quÃ¡n nÃ y nÃªn ghÃ© thá»­. Láº§n Ä‘áº§u Äƒn cÅ©ng táº¡m ok, 2ng Äƒn pháº§n 2 áº¿ch 70k thÃªm 5k chÃ¡o tráº¯ng lÃ  Ä‘c 2 tÃ´ chÃ¡o vá»›i 2 con áº¿ch. Láº§n Ä‘áº§u tá»›i nv tÆ° váº¥n khÃ¡ ká»¹ lÆ°á»¡ng, gá»i chÃ¡o hÆ°Æ¡ng hÃ nh Äƒn táº¡m Ä‘c nhÆ°ng áº¿ch k tháº¥m láº¯m. Tháº¥y quÃ¡n treo nh báº£ng quáº£ng cÃ¡o nc nha Ä‘am nÃªn kÃªu 1 ly, uá»‘ng dá»Ÿ áº¹c lun. Tá»•ng háº¿t 85k.
Láº§n 2, Ä‘i 3ng kÃªu pháº§n áº¿ch khá»•ng lá»“ 120k (tháº¥y láº§n trc nv tÆ° váº¥n áº¿ch big 3 áº¿ch thÆ°á»ng nÃªn láº§n nÃ y máº¡nh dáº¡n kÃªu thá»­, ui, thá» lun lÃ  nÃ³ cháº£ khÃ¡c áº¿ch thÆ°á»ng tÃ­ nÃ o, cÅ©ng cháº£ nhiá»u hÆ¡n táº¹o nÃ o luÃ´n). KÃªu thÃªm 1 dÄ©a dáº¿ mÃ¨n chiÃªn Äƒn dá»Ÿ quÃ¡ k háº¿t ná»•i ná»­a dÄ©a. ChÃ¡o gá»i hÆ°Æ¡ng tá»i Äƒn dá»Ÿ quÃ¡, tá»i hÃ´i láº¡i háº¯c háº¯c vÃ  Ä‘áº¯ng ná»¯a. áº¾ch k tháº¥m mÃ  láº§n nÃ o tá»›i cÅ©ng bá»‹ chá» lÃ¢u láº¯c. HÃ´m Ä‘Ã³ bá»‹ trá»… lÃ m, Äƒn thÃ¬ dá»Ÿ nÃªn qÄ‘ lÃ  sau chá»‰ Äƒn bÃªn chÃ¡o áº¿ch exprressgÃ¬ Ä‘Ã³ á»Ÿ háº£i phÃ²ng thÃ´i. BÃªn Ä‘Ã³ nv hÆ¡i kÃ©m nhÆ°ng Äƒn cháº¥t lÆ°á»£ng hÆ¡n, giÃ¡ chÃ¡o áº¿ch 44k máº¯c hÆ¡n bÃªn nÃ y 4k nhÆ°ng cÃ³ quÃ©t ecard Ä‘c giáº£m 10% nÃªn tÃ­nh ra nhau",5.6
"Äang Ä‘Ã³i bá»¥ng thÃ¬ nghá»‰ tá»›i mÃ³n ChÃ¡o áº¾ch , vá»«a order mang vá» xong thÃ¬ cá»¡ 15"" lÃ  cÃ³ chÃ¡o liá»n , a shiper (mang kÃ­nh) giao nhanh mÃ  chÃ¡o cÃ²n nÃ³ng ná»¯a tháº­t tuyá»‡t vá»i . MÃ¬nh cÅ©ng hay tá»›i quÃ¡n Äƒn , khÃ´ng gian sáº¡ch sáº½ , thoÃ¡ng mÃ¡t , nhÃ¢n viÃªn phá»¥c vá»¥ lá»‹ch sá»± thÃ¬ khÃµi bÃ n , lÃºc vÃ´ cÅ©ng chÃ o mÃ  vá» cÅ©ng chÃ o :D Ã  mÃ  cÃ²n dáº¯t xe cho tá»¥i mÃ¬nh ná»¯a chá»© . NÃ³i chung ráº¥t hÃ i lÃ²ng vá»›i quÃ¡n vÃ  sáº½ á»§ng há»™ dÃ i dÃ i",8.6
"Ta noÌi bÆ°Ìƒa trÆ°Æ¡Ìc Ä‘Ã´Ì£i mÆ°a tÆ¡Ìi quaÌn thÃ¢Ì£t khÃ´ng uÃ´Ì‰ng cÃ´ng chuÌt naÌ€o. ViÌ€ tÆ¡Ìi lÃ¢Ì€n Ä‘Ã¢Ì€u nÃªn nhÃ¢n viÃªn tÆ° vÃ¢Ìn rÃ¢Ìt nhiÃªÌ£t tiÌ€nh :) nÃªÌu Ä‘i Ä‘Ã´ng nguÆ¡Ì€i thiÌ€ order combo seÌƒ lÆ¡Ì£i hÆ¡n aÌ. ThiÌ£t ÃªÌch mÃªÌ€m, thÃ¢Ìm gia viÌ£ laÌ£i cay cay Äƒn cuÌ€ng chaÌo noÌng rÃ¢Ìt hÆ¡Ì£p. MiÌ€nh coÌ order thÃªm nÆ°Æ¡Ìc nha Ä‘am Ä‘Æ°Æ¡Ì€ng pheÌ€n Ä‘Æ°Æ¡Ì£c giÆ¡Ìi thiÃªÌ£u laÌ€ Ä‘ÄƒÌ£c saÌ‰n cuÌ‰a quaÌn nhÆ°ng caÌ nhÃ¢n miÌ€nh thÃ¢Ìy biÌ€nh thÆ°Æ¡Ì€ng, khÃ´ng Ä‘ÄƒÌ£c sÄƒÌc lÄƒÌm. SeÌƒ gheÌ quaÌn daÌ€i daÌ€i.",8.6
"Ghiá»n chÃ¡o áº¿ch Sing há»“i nÃ o Ä‘áº¿n giá» nÃªn nghe chá»— nÃ o bÃ¡n lÃ  Ä‘áº¿n Äƒn thá»­. Theo cÃ¡ nhÃ¢n mÃ¬nh tháº¥y chá»— nÃ y lÃ m gáº§n giá»‘ng chÃ¡o áº¿ch Lorong 11 á»Ÿ Sing nháº¥t Ã¡. CÃ³ khÃ¡ch Ä‘áº¿n quÃ¡n má»›i náº¥u nÃªn Ä‘á»£i hÆ¡i lÃ¢u. BÃ¹ láº¡i trá»i láº¡nh mÃ  dc xÃ¬ xá»¥p tÃ´ chÃ¡o nÃ³ng há»•i thÃ¬ cÃ²n gÃ¬ báº±ng. ChÃ¡o náº¥u gáº¡o thÆ°á»ng chá»© ko fai yáº¿n máº¡ch nÃªn ko má»‹n, tuy nhiÃªn má»m nhÆ° váº­y lÃ  cÃ³ cá»‘ gáº¯ng Ã¡. áº¾ch thÆ¡m, tháº¥m, gá»i áº¿ch nhá» nÃªn Äƒn chÆ°a Ä‘Ã£, cháº¯c láº§n sau tá»›i gá»i pháº§n to. LÃºc vá» 2 báº¡n nam bay ra dáº¯t xe ná»¯a chá»©. Ä‚n no cÃ nh hÃ´ng mÃ  cÃ³ 120k 2 ngÆ°á»i, quÃ¡ Ä‘Æ°á»£c luÃ´n",8.2
